acc_mean_g,acc_std_g,acc_peak_g,acc_min_g,jerk_peak,jerk_mean,gyro_peak_dps,gyro_std_dps,ax_std,ay_std,az_std,gx_std,gy_std,gz_std,label,trigger
1.172,0.701,5.443,0.387,130.2,7.57,1141.2,129.2,0.471,0.002,0.813,0.0,136.6,0.0,stomp,0
1.412,0.348,2.044,0.887,20.91,9.87,151.7,46.2,0.35,0.002,1.111,0.0,105.9,0.0,shake_leg,0
2.571,3.156,16.082,1.009,430.5,29.41,1652.2,292.3,1.556,0.002,3.428,0.0,316.9,0.0,soft_kick,0
1.35,1.562,8.689,0.025,236.52,19.74,354.6,73.6,0.627,0.002,1.727,0.0,85.1,0.0,jumping,0
1.89,0.62,2.91,0.866,44.39,24.32,200.1,60.9,0.56,0.002,1.727,0.0,139.8,0.0,shake_leg,0
2.574,3.218,15.596,0.98,558.03,30.0,1213.2,239.6,1.552,0.002,3.497,0.0,262.1,0.0,soft_kick,0
2.902,0.639,3.697,0.818,53.75,11.95,443.1,138.1,1.018,0.002,2.051,0.0,306.8,0.0,walking,0
1.196,0.698,5.524,0.379,133.18,7.42,1230.5,140.4,0.469,0.002,0.808,0.0,147.8,0.0,stomp,0
1.227,0.686,5.151,0.42,110.62,7.44,787.1,99.5,0.472,0.002,0.809,0.0,107.0,0.0,stomp,0
12.059,3.594,16.147,3.576,239.77,99.43,1324.5,401.0,5.227,0.002,7.6,0.0,943.5,0.0,running,0
10.63,6.222,22.627,1.018,613.93,142.84,2000.0,577.8,5.819,0.002,8.643,0.0,872.4,0.0,repeated_kick,1
1.363,1.576,9.181,0.031,251.68,19.38,350.0,72.9,0.602,0.002,1.755,0.0,84.6,0.0,jumping,0
1.37,1.513,8.57,0.02,233.81,19.54,359.9,73.1,0.579,0.002,1.701,0.0,85.0,0.0,jumping,0
2.557,3.16,16.076,0.994,445.46,29.2,1651.8,294.1,1.558,0.002,3.426,0.0,318.6,0.0,soft_kick,0
3.487,5.233,22.627,0.983,606.25,41.52,2000.0,378.9,3.637,0.002,4.556,0.0,405.4,0.0,hard_kick,0
3.447,5.163,22.627,0.989,511.09,34.04,2000.0,426.0,3.762,0.002,4.325,0.0,460.5,0.0,hard_kick,0
3.482,5.228,22.627,0.998,571.5,40.56,2000.0,402.1,3.692,0.002,4.499,0.0,434.9,0.0,hard_kick,0
3.449,5.15,22.627,0.995,540.26,33.77,2000.0,424.4,3.763,0.002,4.302,0.0,458.0,0.0,hard_kick,0
1.002,0.002,1.006,0.995,0.34,0.11,2.0,0.3,0.002,0.002,0.004,0.0,0.7,0.0,sitting,0
11.891,3.836,16.184,1.687,251.42,97.73,1347.3,408.6,5.354,0.002,7.671,0.0,949.9,0.0,running,0
12.672,3.838,16.395,1.952,293.73,97.03,1387.4,424.5,5.448,0.002,8.058,0.0,969.5,0.0,running,0
0.992,0.002,0.996,0.986,0.45,0.12,2.9,0.7,0.002,0.002,0.008,0.0,1.4,0.0,sitting,0
3.276,0.698,4.061,1.152,68.71,14.71,472.3,143.8,1.171,0.002,2.406,0.0,327.4,0.0,walking,0
2.52,0.476,3.239,1.131,42.08,9.44,401.8,122.3,0.864,0.002,1.654,0.0,289.6,0.0,walking,0
3.485,5.25,22.627,0.989,603.3,41.27,2000.0,394.1,3.68,0.002,4.538,0.0,425.2,0.0,hard_kick,0
1.389,1.628,9.809,0.006,257.61,20.59,359.6,72.4,0.619,0.002,1.803,0.0,84.8,0.0,jumping,0
0.973,0.002,0.979,0.968,0.36,0.12,4.2,1.0,0.002,0.002,0.008,0.0,1.4,0.0,sitting,0
1.342,1.578,9.214,0.029,212.41,20.44,362.4,72.4,0.644,0.002,1.733,0.0,84.8,0.0,jumping,0
1.205,0.693,5.538,0.387,132.85,7.23,1269.9,147.2,0.468,0.002,0.8,0.0,154.6,0.0,stomp,0
3.454,5.141,22.627,1.0,559.51,35.46,2000.0,408.8,3.749,0.002,4.3,0.0,441.2,0.0,hard_kick,0
3.509,5.194,22.627,1.012,595.05,41.26,2000.0,374.4,3.618,0.002,4.528,0.0,402.2,0.0,hard_kick,0
3.501,5.256,22.627,0.995,613.91,41.5,2000.0,389.2,3.669,0.002,4.561,0.0,418.7,0.0,hard_kick,0
2.659,3.233,16.173,1.012,381.63,32.08,1279.0,235.2,1.518,0.002,3.573,0.0,254.5,0.0,soft_kick,0
1.003,0.002,1.008,1.0,0.37,0.11,1.1,0.2,0.002,0.002,0.003,0.0,0.5,0.0,standing,0
3.173,0.651,3.893,0.772,67.96,14.28,461.7,142.6,1.145,0.002,2.309,0.0,319.9,0.0,walking,0
3.46,5.139,22.627,1.004,550.38,34.4,2000.0,418.5,3.754,0.002,4.297,0.0,451.4,0.0,hard_kick,0
10.679,6.118,22.627,1.137,609.02,148.7,2000.0,567.4,5.669,0.002,8.709,0.0,840.0,0.0,repeated_kick,1
10.628,6.235,22.627,1.053,614.31,151.93,2000.0,569.9,5.729,0.002,8.719,0.0,835.5,0.0,repeated_kick,1
1.381,1.497,8.447,0.008,242.62,19.01,357.6,73.7,0.564,0.002,1.696,0.0,85.4,0.0,jumping,0
1.198,0.661,4.984,0.422,98.75,6.92,496.3,84.2,0.472,0.002,0.767,0.0,92.4,0.0,stomp,0
1.01,0.002,1.016,1.003,0.36,0.12,3.5,1.0,0.002,0.002,0.008,0.0,1.5,0.0,sitting,0
1.019,0.002,1.023,1.014,0.4,0.12,1.8,0.4,0.002,0.002,0.006,0.0,1.0,0.0,sitting,0
0.959,0.002,0.965,0.955,0.39,0.12,3.0,0.4,0.002,0.002,0.008,0.0,1.4,0.0,sitting,0
1.189,0.694,5.51,0.399,133.47,7.26,1258.9,145.1,0.468,0.002,0.803,0.0,152.6,0.0,stomp,0
12.077,3.861,16.29,3.583,264.75,96.77,1374.3,423.5,5.351,0.002,7.879,0.0,960.8,0.0,running,0
2.57,3.205,16.035,0.995,546.25,30.02,1277.4,264.6,1.56,0.002,3.475,0.0,287.7,0.0,soft_kick,0
1.804,0.562,2.736,0.876,38.37,21.47,190.8,58.0,0.518,0.002,1.618,0.0,133.4,0.0,shake_leg,0
8.406,6.675,22.627,0.989,604.8,116.71,2000.0,579.7,5.49,0.002,7.673,0.0,758.8,0.0,repeated_kick,1
1.364,1.588,8.939,0.013,243.54,19.68,352.4,72.9,0.644,0.002,1.745,0.0,84.6,0.0,jumping,0
8.375,6.622,22.627,0.98,572.9,108.92,2000.0,565.6,5.533,0.002,7.472,0.0,747.4,0.0,repeated_kick,1
11.494,3.59,16.05,3.5,226.69,96.18,1297.0,401.7,5.128,0.002,7.331,0.0,901.7,0.0,running,0
2.57,3.202,16.036,0.999,543.36,29.98,1303.2,267.2,1.56,0.002,3.471,0.0,289.9,0.0,soft_kick,0
3.298,0.651,4.008,0.97,74.41,14.49,471.2,145.5,1.177,0.002,2.401,0.0,333.7,0.0,walking,0
3.44,5.143,22.627,0.981,552.95,34.69,2000.0,415.8,3.755,0.002,4.297,0.0,448.6,0.0,hard_kick,0
1.024,0.002,1.029,1.018,0.43,0.11,1.1,0.3,0.002,0.002,0.004,0.0,0.7,0.0,standing,0
2.666,3.262,16.215,1.007,448.63,33.75,1200.1,227.1,1.518,0.002,3.604,0.0,248.6,0.0,soft_kick,0
8.403,6.71,22.627,0.961,612.21,115.43,2000.0,578.8,5.524,0.002,7.68,0.0,761.9,0.0,repeated_kick,1
1.364,1.607,9.36,0.023,223.96,21.05,361.4,73.0,0.676,0.002,1.75,0.0,85.4,0.0,jumping,0
10.678,6.188,22.627,1.332,609.74,150.63,2000.0,586.3,5.728,0.002,8.759,0.0,864.7,0.0,repeated_kick,1
10.557,6.2,22.627,1.042,603.35,145.4,2000.0,574.3,5.702,0.002,8.535,0.0,853.9,0.0,repeated_kick,1
0.986,0.002,0.99,0.982,0.37,0.11,2.2,0.3,0.002,0.002,0.005,0.0,1.1,0.0,standing,0
0.988,0.002,0.994,0.983,0.37,0.12,2.4,0.4,0.002,0.002,0.006,0.0,1.1,0.0,sitting,0
1.403,1.599,9.684,0.024,263.09,19.22,352.6,73.2,0.595,0.002,1.792,0.0,85.3,0.0,jumping,0
0.984,0.002,0.989,0.979,0.41,0.12,2.2,0.5,0.002,0.002,0.006,0.0,1.0,0.0,sitting,0
3.456,5.197,22.627,0.981,508.26,38.67,2000.0,415.8,3.718,0.002,4.424,0.0,449.9,0.0,hard_kick,0
2.65,3.26,16.2,0.99,429.91,33.31,1204.3,227.4,1.517,0.002,3.599,0.0,247.7,0.0,soft_kick,0
12.891,3.839,16.933,1.933,292.7,97.95,1427.5,435.5,5.533,0.002,8.182,0.0,1011.8,0.0,running,0
2.581,0.489,3.29,1.148,42.31,9.82,406.1,123.0,0.89,0.002,1.685,0.0,292.1,0.0,walking,0
2.102,0.729,3.279,0.864,56.45,31.04,215.5,68.1,0.634,0.002,1.951,0.0,151.4,0.0,shake_leg,0
1.677,0.468,2.493,0.925,29.81,16.48,176.8,54.1,0.459,0.002,1.427,0.0,123.6,0.0,shake_leg,0
2.475,0.459,3.214,1.383,28.51,8.76,396.8,120.8,0.82,0.002,1.608,0.0,285.7,0.0,walking,0
10.525,6.282,22.627,0.983,574.55,144.5,2000.0,575.8,5.794,0.002,8.595,0.0,879.6,0.0,repeated_kick,1
1.023,0.002,1.028,1.018,0.33,0.1,2.1,0.4,0.002,0.002,0.005,0.0,1.0,0.0,sitting,0
1.197,0.698,5.509,0.388,132.82,7.44,1214.3,138.3,0.469,0.002,0.81,0.0,145.5,0.0,stomp,0
8.396,6.665,22.627,1.015,614.33,108.75,2000.0,590.0,5.533,0.002,7.576,0.0,771.2,0.0,repeated_kick,1
3.17,0.642,3.961,1.38,63.99,14.54,466.9,143.2,1.067,0.002,2.362,0.0,332.5,0.0,walking,0
1.194,0.652,5.117,0.427,101.64,6.79,749.1,106.4,0.469,0.002,0.75,0.0,114.8,0.0,stomp,0
1.008,0.002,1.013,1.0,0.4,0.12,2.5,0.8,0.002,0.002,0.008,0.0,1.5,0.0,sitting,0
3.453,5.187,22.627,0.989,487.35,37.93,2000.0,418.5,3.726,0.002,4.403,0.0,453.0,0.0,hard_kick,0
8.453,6.664,22.627,1.0,612.84,119.85,2000.0,551.0,5.433,0.002,7.71,0.0,719.0,0.0,repeated_kick,1
2.583,3.168,16.104,0.987,385.31,29.91,1602.2,278.5,1.546,0.002,3.459,0.0,303.1,0.0,soft_kick,0
3.447,5.159,22.627,0.982,569.24,36.79,2000.0,394.7,3.751,0.002,4.319,0.0,426.7,0.0,hard_kick,0
1.014,0.002,1.02,1.009,0.48,0.11,2.3,0.5,0.002,0.002,0.006,0.0,1.0,0.0,sitting,0
0.987,0.002,0.991,0.982,0.43,0.1,1.5,0.4,0.002,0.002,0.004,0.0,0.9,0.0,standing,0
0.996,0.002,1.001,0.989,0.41,0.12,1.9,0.4,0.002,0.002,0.005,0.0,0.8,0.0,standing,0
13.336,3.757,17.913,4.384,319.66,106.82,1475.3,454.5,5.446,0.002,8.756,0.0,1046.1,0.0,running,0
10.599,6.273,22.627,0.982,610.45,147.64,2000.0,586.5,5.774,0.002,8.721,0.0,875.3,0.0,repeated_kick,1
1.372,1.528,8.562,0.019,237.82,19.52,356.5,73.7,0.593,0.002,1.712,0.0,85.3,0.0,jumping,0
1.363,1.526,8.427,0.003,236.43,19.3,357.3,72.9,0.585,0.002,1.708,0.0,84.6,0.0,jumping,0
10.567,6.267,22.627,0.994,612.98,148.05,2000.0,569.8,5.736,0.002,8.624,0.0,855.7,0.0,repeated_kick,1
0.982,0.002,0.987,0.977,0.26,0.09,2.2,0.6,0.002,0.002,0.006,0.0,1.0,0.0,sitting,0
1.608,0.446,2.383,0.894,27.3,15.37,172.0,52.5,0.428,0.002,1.362,0.0,120.7,0.0,shake_leg,0
2.203,0.806,3.434,0.824,63.56,35.61,223.4,70.2,0.667,0.002,2.085,0.0,156.0,0.0,shake_leg,0
1.004,0.002,1.009,0.998,0.39,0.12,2.4,0.4,0.002,0.002,0.004,0.0,1.4,0.0,standing,0
2.65,3.25,16.186,0.995,409.44,32.78,1210.4,230.3,1.516,0.002,3.588,0.0,249.4,0.0,soft_kick,0
2.533,3.172,16.059,0.494,476.4,29.45,1614.6,294.1,1.561,0.002,3.425,0.0,317.9,0.0,soft_kick,0
0.992,0.002,0.998,0.987,0.33,0.11,2.8,0.8,0.002,0.002,0.007,0.0,1.2,0.0,sitting,0
3.448,5.141,22.627,0.994,556.49,35.03,2000.0,412.8,3.752,0.002,4.297,0.0,445.3,0.0,hard_kick,0
1.387,1.54,9.316,0.024,255.16,18.78,349.5,72.7,0.542,0.002,1.752,0.0,84.6,0.0,jumping,0
0.989,0.002,0.993,0.984,0.41,0.09,3.5,0.9,0.002,0.002,0.005,0.0,1.3,0.0,standing,0
2.56,3.186,16.044,0.884,518.24,29.72,1464.5,280.9,1.563,0.002,3.447,0.0,304.4,0.0,soft_kick,0
0.986,0.002,0.993,0.981,0.5,0.11,2.1,0.3,0.002,0.002,0.006,0.0,0.5,0.0,standing,0
1.198,0.7,5.359,0.375,121.72,7.69,989.1,114.4,0.472,0.002,0.815,0.0,121.7,0.0,stomp,0
10.509,6.227,22.627,1.008,573.03,135.29,2000.0,588.4,5.814,0.002,8.472,0.0,896.9,0.0,repeated_kick,1
13.193,3.739,17.029,4.198,294.09,96.54,1430.3,442.7,5.697,0.002,8.413,0.0,1017.2,0.0,running,0
3.452,5.14,22.627,0.998,554.63,34.93,2000.0,413.6,3.752,0.002,4.297,0.0,446.3,0.0,hard_kick,0
2.817,0.602,3.584,0.929,59.49,11.45,434.6,134.1,0.987,0.002,1.964,0.0,303.0,0.0,walking,0
1.223,0.686,5.542,0.398,129.38,7.08,1277.4,151.4,0.465,0.002,0.79,0.0,158.7,0.0,stomp,0
3.476,5.156,22.627,1.01,572.2,36.95,2000.0,392.7,3.747,0.002,4.323,0.0,424.8,0.0,hard_kick,0
2.581,3.199,16.037,1.012,542.41,29.94,1299.3,266.7,1.56,0.002,3.471,0.0,289.6,0.0,soft_kick,0
2.577,3.217,16.03,0.993,561.41,30.24,1224.0,253.9,1.557,0.002,3.493,0.0,276.5,0.0,soft_kick,0
10.656,6.239,22.627,0.987,614.31,151.32,2000.0,578.5,5.694,0.002,8.816,0.0,844.3,0.0,repeated_kick,1
1.014,0.002,1.02,1.006,0.46,0.12,2.7,0.8,0.002,0.002,0.009,0.0,1.6,0.0,sitting,0
1.191,0.679,5.46,0.382,119.15,6.91,1224.6,149.6,0.465,0.002,0.772,0.0,157.5,0.0,stomp,0
0.999,0.002,1.008,0.995,0.36,0.11,1.5,0.3,0.002,0.002,0.005,0.0,0.9,0.0,sitting,0
10.681,6.14,22.627,1.058,589.04,145.76,2000.0,570.4,5.784,0.002,8.683,0.0,860.2,0.0,repeated_kick,1
2.002,0.657,3.079,0.895,49.11,27.27,207.0,63.3,0.596,0.002,1.832,0.0,146.2,0.0,shake_leg,0
8.406,6.628,22.627,1.001,593.9,112.42,2000.0,568.0,5.501,0.002,7.559,0.0,748.2,0.0,repeated_kick,1
1.375,1.548,9.073,0.014,198.42,20.36,363.1,72.6,0.616,0.002,1.718,0.0,85.0,0.0,jumping,0
1.026,0.002,1.033,1.021,0.35,0.1,1.0,0.1,0.002,0.002,0.004,0.0,0.4,0.0,standing,0
2.686,0.508,3.411,1.146,52.99,10.21,417.8,130.4,0.937,0.002,1.838,0.0,295.7,0.0,walking,0
1.524,0.419,2.27,0.905,23.71,12.69,164.0,50.6,0.395,0.002,1.255,0.0,114.6,0.0,shake_leg,0
1.192,0.656,5.227,0.415,105.21,6.79,926.3,123.0,0.468,0.002,0.75,0.0,131.3,0.0,stomp,0
3.454,5.141,22.627,0.995,561.42,35.45,2000.0,408.6,3.749,0.002,4.301,0.0,440.8,0.0,hard_kick,0
10.736,6.198,22.627,1.02,614.2,158.5,2000.0,575.0,5.658,0.002,8.889,0.0,836.4,0.0,repeated_kick,1
2.517,0.551,3.315,0.712,36.39,9.35,407.9,126.0,0.855,0.002,1.704,0.0,282.8,0.0,walking,0
1.32,0.275,1.841,0.95,12.45,6.34,137.2,42.1,0.284,0.002,0.918,0.0,96.9,0.0,shake_leg,0
2.48,0.482,3.226,1.116,40.34,8.99,400.3,123.8,0.846,0.002,1.633,0.0,274.4,0.0,walking,0
3.479,5.223,22.627,0.993,562.22,40.33,2000.0,404.7,3.695,0.002,4.49,0.0,437.5,0.0,hard_kick,0
1.143,0.669,5.284,0.359,109.25,6.96,1028.0,132.8,0.467,0.002,0.753,0.0,141.0,0.0,stomp,0
1.181,0.657,5.097,0.396,101.06,6.86,682.3,100.3,0.47,0.002,0.753,0.0,108.9,0.0,stomp,0
3.434,5.147,22.627,0.973,560.32,35.54,2000.0,407.9,3.752,0.002,4.301,0.0,440.1,0.0,hard_kick,0
1.011,0.002,1.016,1.007,0.37,0.11,1.9,0.1,0.002,0.002,0.006,0.0,0.6,0.0,standing,0
1.376,1.663,9.974,0.019,270.13,20.31,356.3,72.9,0.624,0.002,1.838,0.0,85.1,0.0,jumping,0
1.364,1.643,9.576,0.018,241.19,20.82,361.0,72.5,0.688,0.002,1.78,0.0,85.0,0.0,jumping,0
2.599,3.187,16.122,0.973,352.42,30.37,1525.7,263.8,1.536,0.002,3.494,0.0,287.6,0.0,soft_kick,0
1.156,0.675,5.379,0.371,111.5,6.91,1152.0,144.1,0.466,0.002,0.763,0.0,152.1,0.0,stomp,0
1.246,0.263,1.73,0.908,11.04,5.61,131.5,40.2,0.262,0.002,0.86,0.0,93.1,0.0,shake_leg,0
3.261,0.674,4.035,1.327,66.08,15.2,472.5,145.7,1.102,0.002,2.453,0.0,332.2,0.0,walking,0
2.565,3.19,16.041,1.005,525.92,29.75,1416.1,276.7,1.562,0.002,3.454,0.0,299.9,0.0,soft_kick,0
8.404,6.635,22.627,1.003,574.6,114.04,2000.0,559.6,5.508,0.002,7.547,0.0,743.2,0.0,repeated_kick,1
1.36,1.574,9.136,0.012,206.15,20.87,362.4,73.0,0.644,0.002,1.728,0.0,85.3,0.0,jumping,0
1.542,0.412,2.271,0.928,23.71,12.65,164.9,51.1,0.398,0.002,1.255,0.0,116.5,0.0,shake_leg,0
11.598,3.799,16.068,2.423,237.02,96.3,1319.2,400.5,5.174,0.002,7.434,0.0,938.4,0.0,running,0
0.992,0.002,0.998,0.986,0.41,0.12,3.1,0.8,0.003,0.002,0.01,0.0,1.5,0.0,sitting,0
1.364,1.58,9.615,0.044,244.3,20.62,361.6,72.6,0.601,0.002,1.763,0.0,85.1,0.0,jumping,0
1.368,1.571,8.748,0.011,213.15,20.03,360.1,73.1,0.656,0.002,1.718,0.0,85.1,0.0,jumping,0
8.402,6.671,22.627,0.994,613.17,114.65,2000.0,578.3,5.51,0.002,7.628,0.0,761.4,0.0,repeated_kick,1
1.347,1.547,8.732,0.036,237.83,19.29,354.9,73.1,0.602,0.002,1.724,0.0,84.5,0.0,jumping,0
1.392,0.3,1.916,0.953,16.95,7.77,143.7,43.8,0.311,0.002,1.008,0.0,102.1,0.0,shake_leg,0
3.448,5.152,22.627,0.992,538.65,33.77,2000.0,424.8,3.765,0.002,4.303,0.0,458.4,0.0,hard_kick,0
0.979,0.002,0.983,0.974,0.35,0.1,2.0,0.5,0.002,0.002,0.003,0.0,1.1,0.0,standing,0
1.36,1.569,9.242,0.03,216.55,20.8,362.5,73.2,0.632,0.002,1.733,0.0,85.6,0.0,jumping,0
3.442,5.196,22.627,0.972,498.33,38.37,2000.0,416.9,3.724,0.002,4.414,0.0,451.3,0.0,hard_kick,0
1.385,1.589,9.862,0.017,267.68,19.05,354.8,72.2,0.538,0.002,1.803,0.0,84.5,0.0,jumping,0
0.987,0.002,0.991,0.981,0.39,0.13,1.5,0.1,0.002,0.002,0.006,0.0,0.4,0.0,standing,0
2.521,3.183,16.05,0.502,494.86,29.6,1566.0,290.2,1.562,0.002,3.431,0.0,313.8,0.0,soft_kick,0
1.375,1.534,9.205,0.024,213.16,20.7,362.3,72.9,0.586,0.002,1.721,0.0,85.4,0.0,jumping,0
1.174,0.67,5.361,0.387,110.03,6.87,1131.4,142.4,0.466,0.002,0.76,0.0,150.4,0.0,stomp,0
2.554,0.47,3.259,1.387,40.61,9.43,402.1,121.7,0.877,0.002,1.628,0.0,287.0,0.0,walking,0
1.009,0.002,1.014,1.004,0.28,0.1,0.9,0.1,0.002,0.002,0.005,0.0,0.4,0.0,standing,0
2.59,3.17,16.107,0.987,383.31,29.87,1590.9,276.1,1.545,0.002,3.467,0.0,300.8,0.0,soft_kick,0
1.011,0.002,1.017,1.006,0.39,0.11,2.7,0.7,0.002,0.002,0.007,0.0,1.3,0.0,sitting,0
2.578,3.168,16.103,0.98,388.83,29.92,1607.1,279.7,1.546,0.002,3.457,0.0,304.2,0.0,soft_kick,0
1.001,0.002,1.006,0.997,0.36,0.12,3.4,1.0,0.002,0.002,0.004,0.0,1.5,0.0,standing,0
12.515,3.709,16.265,3.799,262.44,96.06,1370.0,429.6,5.381,0.002,7.816,0.0,957.5,0.0,running,0
0.996,0.002,1.001,0.991,0.33,0.11,3.0,0.9,0.002,0.002,0.007,0.0,1.2,0.0,sitting,0
1.01,0.002,1.014,1.005,0.35,0.12,2.2,0.3,0.002,0.002,0.005,0.0,1.0,0.0,standing,0
2.591,3.21,15.497,0.999,552.59,29.84,1207.7,234.2,1.55,0.002,3.495,0.0,256.6,0.0,soft_kick,0
1.009,0.002,1.015,1.003,0.33,0.11,2.9,0.6,0.002,0.002,0.008,0.0,1.5,0.0,sitting,0
1.439,0.345,2.052,0.91,22.26,9.92,152.1,46.9,0.353,0.002,1.127,0.0,107.3,0.0,shake_leg,0
1.377,1.607,9.711,0.015,251.29,20.48,359.8,72.2,0.611,0.002,1.784,0.0,84.7,0.0,jumping,0
1.352,1.535,8.951,0.024,212.28,20.02,362.4,73.0,0.604,0.002,1.709,0.0,85.2,0.0,jumping,0
10.501,6.239,22.627,1.001,560.8,134.43,2000.0,596.4,5.829,0.002,8.485,0.0,900.0,0.0,repeated_kick,1
1.001,0.002,1.007,0.996,0.37,0.1,1.7,0.5,0.002,0.002,0.005,0.0,0.8,0.0,sitting,0
1.987,0.655,3.045,0.872,47.12,26.99,204.0,62.7,0.58,0.002,1.815,0.0,145.0,0.0,shake_leg,0
3.462,5.209,22.627,0.989,534.27,39.54,2000.0,411.0,3.708,0.002,4.454,0.0,444.8,0.0,hard_kick,0
1.389,1.552,9.083,0.039,248.05,19.04,351.6,72.8,0.586,0.002,1.742,0.0,84.6,0.0,jumping,0
2.64,3.267,16.205,0.977,444.72,33.69,1200.2,227.1,1.518,0.002,3.603,0.0,248.1,0.0,soft_kick,0
1.178,0.705,5.458,0.345,128.21,7.72,1099.5,124.7,0.471,0.002,0.814,0.0,132.0,0.0,stomp,0
1.209,0.695,5.269,0.393,115.88,7.62,898.3,107.5,0.473,0.002,0.813,0.0,114.5,0.0,stomp,0
0.979,0.002,0.982,0.974,0.38,0.11,3.1,0.9,0.002,0.002,0.005,0.0,1.5,0.0,standing,0
1.162,0.682,5.443,0.356,118.22,6.94,1216.4,149.1,0.465,0.002,0.771,0.0,157.1,0.0,stomp,0
1.786,0.574,2.757,0.909,38.04,20.52,188.8,57.5,0.506,0.002,1.587,0.0,134.7,0.0,shake_leg,0
1.349,1.568,8.963,0.013,200.97,20.31,360.8,72.9,0.646,0.002,1.72,0.0,85.2,0.0,jumping,0
2.47,0.475,3.207,1.126,44.13,9.23,397.8,121.1,0.859,0.002,1.638,0.0,282.0,0.0,walking,0
2.122,0.73,3.27,0.865,57.11,32.27,216.5,66.8,0.642,0.002,1.993,0.0,153.6,0.0,shake_leg,0
13.126,3.752,17.571,4.259,309.0,106.05,1458.4,448.0,5.467,0.002,8.539,0.0,1024.5,0.0,running,0
2.699,0.497,3.431,1.267,51.32,10.37,418.4,127.4,0.942,0.002,1.816,0.0,290.9,0.0,walking,0
12.69,3.632,16.328,3.872,268.38,98.95,1381.2,418.7,5.517,0.002,7.945,0.0,968.6,0.0,running,0
1.173,0.679,4.873,0.399,101.7,7.11,438.4,82.9,0.473,0.002,0.79,0.0,91.5,0.0,stomp,0
8.362,6.623,22.627,1.001,572.35,108.03,2000.0,582.5,5.546,0.002,7.48,0.0,771.1,0.0,repeated_kick,1
1.194,0.68,5.463,0.41,124.6,6.99,1257.6,151.5,0.466,0.002,0.78,0.0,159.2,0.0,stomp,0
1.013,0.002,1.017,1.009,0.25,0.09,1.9,0.3,0.002,0.002,0.007,0.0,0.5,0.0,standing,0
0.988,0.002,0.994,0.983,0.38,0.11,1.9,0.3,0.002,0.002,0.005,0.0,1.3,0.0,standing,0
1.02,0.002,1.026,1.014,0.41,0.13,2.2,0.5,0.002,0.002,0.005,0.0,0.9,0.0,standing,0
1.355,1.595,9.159,0.036,250.54,19.89,350.1,73.9,0.642,0.002,1.759,0.0,85.5,0.0,jumping,0
0.981,0.002,0.986,0.975,0.36,0.12,2.5,0.1,0.002,0.002,0.005,0.0,0.9,0.0,standing,0
2.593,3.207,15.529,1.002,548.25,29.85,1203.5,231.1,1.549,0.002,3.493,0.0,253.2,0.0,soft_kick,0
13.602,3.887,18.45,4.496,334.48,103.83,1502.8,465.6,5.775,0.002,8.726,0.0,1072.8,0.0,running,0
1.362,1.569,8.711,0.049,217.77,19.86,360.5,72.7,0.658,0.002,1.719,0.0,84.7,0.0,jumping,0
2.6,0.554,3.396,0.785,46.05,10.47,416.7,128.7,0.878,0.002,1.793,0.0,290.4,0.0,walking,0
1.0,0.002,1.005,0.995,0.32,0.11,2.8,0.8,0.002,0.002,0.003,0.0,1.3,0.0,standing,0
1.374,1.539,8.982,0.01,245.31,19.38,351.6,73.9,0.582,0.002,1.731,0.0,85.4,0.0,jumping,0
2.549,3.162,16.074,0.987,445.09,29.24,1651.7,294.2,1.558,0.002,3.426,0.0,318.6,0.0,soft_kick,0
2.026,0.664,3.08,0.884,48.84,27.72,206.5,63.6,0.597,0.002,1.858,0.0,146.5,0.0,shake_leg,0
3.012,0.632,3.754,0.752,58.22,12.54,449.5,141.4,1.046,0.002,2.135,0.0,309.1,0.0,walking,0
3.436,5.179,22.627,0.972,457.53,36.68,2000.0,422.4,3.741,0.002,4.372,0.0,457.1,0.0,hard_kick,0
12.399,3.607,16.248,3.9,249.88,98.98,1348.3,424.5,5.457,0.002,7.764,0.0,955.8,0.0,running,0
0.997,0.002,1.002,0.992,0.32,0.1,1.7,0.2,0.002,0.002,0.005,0.0,0.8,0.0,sitting,0
3.226,0.672,4.03,1.172,67.85,15.01,471.7,143.0,1.09,0.002,2.401,0.0,326.1,0.0,walking,0
2.163,0.731,3.311,0.873,57.58,32.65,217.1,66.7,0.641,0.002,2.004,0.0,153.8,0.0,shake_leg,0
1.017,0.002,1.022,1.013,0.37,0.11,2.7,0.4,0.002,0.002,0.004,0.0,1.1,0.0,standing,0
1.384,1.547,9.363,0.015,224.9,20.27,361.5,72.3,0.585,0.002,1.734,0.0,84.9,0.0,jumping,0
1.433,0.337,2.04,0.92,19.95,9.93,153.0,47.1,0.35,0.002,1.125,0.0,108.7,0.0,shake_leg,0
0.994,0.002,1.0,0.989,0.36,0.09,1.7,0.1,0.002,0.002,0.003,0.0,0.6,0.0,standing,0
8.367,6.661,22.627,0.98,574.42,110.85,2000.0,586.8,5.543,0.002,7.564,0.0,775.5,0.0,repeated_kick,1
3.449,5.167,22.627,0.991,482.87,35.34,2000.0,424.9,3.749,0.002,4.347,0.0,459.5,0.0,hard_kick,0
1.377,1.602,9.577,0.008,261.5,19.2,351.6,73.3,0.604,0.002,1.785,0.0,85.4,0.0,jumping,0
2.527,3.173,16.06,0.548,472.93,29.43,1623.8,294.6,1.561,0.002,3.425,0.0,318.4,0.0,soft_kick,0
1.347,1.535,8.613,0.031,230.25,19.7,359.6,72.6,0.607,0.002,1.707,0.0,84.5,0.0,jumping,0
13.74,4.109,19.188,1.718,363.93,105.07,1554.6,480.2,5.62,0.002,8.879,0.0,1098.6,0.0,running,0
8.411,6.648,22.627,1.004,592.37,114.9,2000.0,573.8,5.472,0.002,7.643,0.0,751.2,0.0,repeated_kick,1
1.353,1.556,8.835,0.007,212.71,19.9,360.4,72.5,0.63,0.002,1.714,0.0,84.8,0.0,jumping,0
3.054,0.55,3.755,1.637,46.85,12.43,448.8,138.0,1.072,0.002,2.098,0.0,322.9,0.0,walking,0
0.99,0.002,0.995,0.987,0.34,0.1,2.2,0.2,0.002,0.002,0.003,0.0,0.9,0.0,standing,0
0.987,0.002,0.991,0.982,0.28,0.1,3.6,0.8,0.002,0.002,0.01,0.0,1.6,0.0,sitting,0
1.375,1.546,9.007,0.009,245.52,19.38,350.6,73.3,0.588,0.002,1.734,0.0,85.2,0.0,jumping,0
8.414,6.644,22.627,0.985,610.7,114.75,2000.0,561.8,5.48,0.002,7.597,0.0,731.2,0.0,repeated_kick,1
11.262,3.592,16.037,3.332,259.51,96.04,1279.8,399.7,5.1,0.002,7.18,0.0,889.2,0.0,running,0
3.459,5.155,22.627,0.995,570.46,36.73,2000.0,394.9,3.749,0.002,4.319,0.0,427.3,0.0,hard_kick,0
0.983,0.003,0.988,0.977,0.33,0.11,3.9,1.0,0.003,0.002,0.01,0.0,1.6,0.0,sitting,0
2.556,3.201,16.037,0.985,537.0,29.93,1346.1,270.5,1.561,0.002,3.464,0.0,293.6,0.0,soft_kick,0
2.602,3.204,15.56,1.013,545.84,29.83,1200.9,229.6,1.548,0.002,3.492,0.0,251.7,0.0,soft_kick,0
1.37,1.523,8.965,0.021,244.04,18.89,352.2,73.1,0.556,0.002,1.725,0.0,84.7,0.0,jumping,0
2.632,3.21,16.148,0.992,339.11,30.83,1412.6,247.5,1.526,0.002,3.536,0.0,269.4,0.0,soft_kick,0
1.836,0.586,2.805,0.87,40.1,22.62,193.5,58.8,0.521,0.002,1.639,0.0,135.8,0.0,shake_leg,0
2.61,3.233,16.156,0.96,366.14,31.62,1335.2,239.7,1.521,0.002,3.559,0.0,259.9,0.0,soft_kick,0
3.485,5.237,22.627,0.995,586.8,40.9,2000.0,398.4,3.685,0.002,4.519,0.0,430.3,0.0,hard_kick,0
10.615,6.137,22.627,0.991,591.6,142.83,2000.0,567.3,5.743,0.002,8.582,0.0,861.9,0.0,repeated_kick,1
1.382,0.31,1.926,0.929,19.5,8.03,145.0,44.4,0.312,0.002,1.014,0.0,103.0,0.0,shake_leg,0
2.577,3.167,16.101,0.98,392.5,29.88,1611.1,280.6,1.547,0.002,3.455,0.0,305.3,0.0,soft_kick,0
2.578,3.2,16.036,1.008,541.95,29.95,1305.9,267.2,1.56,0.002,3.47,0.0,290.1,0.0,soft_kick,0
1.357,1.594,8.528,0.002,221.61,20.46,358.9,73.7,0.687,0.002,1.725,0.0,85.5,0.0,jumping,0
1.36,0.314,1.939,0.93,15.67,7.88,143.8,43.0,0.308,0.002,0.994,0.0,100.9,0.0,shake_leg,0
2.911,0.531,3.618,1.482,43.82,11.74,436.7,133.9,1.037,0.002,1.98,0.0,310.3,0.0,walking,0
2.022,0.678,3.102,0.863,50.75,28.37,208.2,63.8,0.601,0.002,1.869,0.0,146.2,0.0,shake_leg,0
1.021,0.002,1.026,1.016,0.38,0.12,1.3,0.3,0.002,0.002,0.004,0.0,0.5,0.0,standing,0
1.341,1.521,9.179,0.041,211.07,20.17,361.9,73.1,0.573,0.002,1.712,0.0,85.4,0.0,jumping,0
1.392,1.697,9.879,0.024,263.4,21.27,358.3,73.3,0.701,0.002,1.837,0.0,85.5,0.0,jumping,0
1.186,0.703,5.481,0.367,130.22,7.63,1146.2,129.7,0.471,0.002,0.813,0.0,137.0,0.0,stomp,0
2.234,0.778,3.469,0.854,64.13,36.43,225.2,69.5,0.683,0.002,2.116,0.0,159.4,0.0,shake_leg,0
3.47,5.179,22.627,0.995,574.25,37.92,2000.0,384.8,3.753,0.002,4.346,0.0,416.0,0.0,hard_kick,0
8.376,6.669,22.627,0.985,561.05,112.6,2000.0,586.3,5.538,0.002,7.592,0.0,775.8,0.0,repeated_kick,1
3.475,5.181,22.627,1.012,489.37,37.95,2000.0,418.3,3.72,0.002,4.405,0.0,452.7,0.0,hard_kick,0
2.604,3.21,16.032,1.027,559.6,30.12,1223.5,255.4,1.557,0.002,3.491,0.0,277.6,0.0,soft_kick,0
10.553,6.193,22.627,0.994,569.98,141.49,2000.0,577.8,5.762,0.002,8.531,0.0,878.2,0.0,repeated_kick,1
3.475,5.171,22.627,1.005,573.22,37.65,2000.0,387.2,3.753,0.002,4.336,0.0,418.9,0.0,hard_kick,0
1.178,0.675,5.405,0.409,116.93,6.83,1206.3,148.4,0.466,0.002,0.77,0.0,156.3,0.0,stomp,0
2.534,3.165,16.075,0.965,438.38,29.41,1653.1,293.3,1.557,0.002,3.427,0.0,317.9,0.0,soft_kick,0
1.38,1.672,9.745,0.021,265.2,19.53,353.1,72.1,0.669,0.002,1.823,0.0,84.4,0.0,jumping,0
1.387,0.318,1.941,0.919,16.26,8.14,144.6,44.8,0.314,0.002,1.017,0.0,103.1,0.0,shake_leg,0
2.557,3.159,16.076,0.996,443.64,29.21,1651.8,294.0,1.557,0.002,3.425,0.0,318.5,0.0,soft_kick,0
1.007,0.002,1.012,1.003,0.4,0.1,1.4,0.1,0.002,0.002,0.003,0.0,0.1,0.0,standing,0
12.372,3.593,16.198,4.405,305.1,101.54,1351.9,421.9,5.518,0.002,7.869,0.0,958.2,0.0,running,0
3.473,5.178,22.627,0.999,574.45,37.89,2000.0,385.1,3.754,0.002,4.344,0.0,416.6,0.0,hard_kick,0
3.495,5.26,22.627,0.989,613.4,41.6,2000.0,386.5,3.664,0.002,4.57,0.0,415.1,0.0,hard_kick,0
1.171,0.683,5.46,0.358,119.2,6.97,1224.5,149.6,0.465,0.002,0.773,0.0,157.6,0.0,stomp,0
3.335,0.692,4.188,1.553,45.64,15.37,480.2,145.5,1.123,0.002,2.415,0.0,342.0,0.0,walking,0
1.175,0.698,5.256,0.399,117.21,7.62,920.0,109.1,0.473,0.002,0.814,0.0,116.0,0.0,stomp,0
2.529,3.169,16.065,0.726,462.61,29.38,1637.5,294.9,1.56,0.002,3.423,0.0,319.2,0.0,soft_kick,0
11.396,3.63,16.043,3.403,217.07,97.27,1290.5,396.3,5.096,0.002,7.258,0.0,927.5,0.0,running,0
1.523,0.398,2.236,0.933,22.11,12.08,161.4,49.5,0.387,0.002,1.231,0.0,114.7,0.0,shake_leg,0
10.572,6.228,22.627,1.0,574.54,147.22,2000.0,573.7,5.78,0.002,8.588,0.0,876.0,0.0,repeated_kick,1
13.089,3.899,17.314,4.219,298.81,102.05,1447.7,450.9,5.478,0.002,8.248,0.0,1017.6,0.0,running,0
1.39,1.58,9.767,0.031,253.44,20.37,359.7,72.9,0.577,0.002,1.778,0.0,85.3,0.0,jumping,0
1.164,0.682,4.878,0.427,104.25,7.16,573.4,87.6,0.472,0.002,0.798,0.0,96.0,0.0,stomp,0
1.181,0.668,5.346,0.372,109.48,6.91,1072.7,136.9,0.466,0.002,0.756,0.0,145.2,0.0,stomp,0
0.989,0.002,0.994,0.984,0.3,0.11,2.3,0.6,0.002,0.002,0.003,0.0,1.1,0.0,standing,0
0.998,0.002,1.004,0.994,0.43,0.12,2.0,0.3,0.002,0.002,0.002,0.0,0.7,0.0,standing,0
1.017,0.002,1.023,1.011,0.44,0.12,2.7,0.5,0.002,0.002,0.008,0.0,1.5,0.0,sitting,0
10.688,6.202,22.627,1.201,614.55,151.83,2000.0,572.4,5.706,0.002,8.781,0.0,851.0,0.0,repeated_kick,1
1.343,1.566,8.952,0.039,244.42,19.37,352.5,73.0,0.61,0.002,1.74,0.0,84.7,0.0,jumping,0
2.578,0.556,3.368,1.039,49.56,9.95,412.0,125.9,0.866,0.002,1.807,0.0,285.6,0.0,walking,0
1.286,0.265,1.781,0.942,11.58,5.8,134.4,41.2,0.272,0.002,0.889,0.0,95.9,0.0,shake_leg,0
1.014,0.002,1.017,1.009,0.32,0.1,2.2,0.5,0.002,0.002,0.003,0.0,0.9,0.0,standing,0
2.627,3.198,16.138,0.995,329.68,30.69,1458.8,253.6,1.529,0.002,3.519,0.0,276.4,0.0,soft_kick,0
13.76,3.759,18.589,5.342,345.41,105.54,1518.1,460.6,5.573,0.002,8.935,0.0,1068.7,0.0,running,0
12.697,3.967,16.905,1.966,291.63,96.56,1425.2,448.0,5.457,0.002,8.211,0.0,998.5,0.0,running,0
3.46,5.142,22.627,1.004,562.52,35.8,2000.0,405.1,3.747,0.002,4.303,0.0,437.1,0.0,hard_kick,0
1.669,0.466,2.48,0.919,29.31,16.54,177.4,53.9,0.454,0.002,1.429,0.0,126.2,0.0,shake_leg,0
10.635,6.3,22.627,0.991,609.34,152.5,2000.0,563.0,5.771,0.002,8.769,0.0,847.5,0.0,repeated_kick,1
1.18,0.673,4.875,0.421,100.58,7.02,412.4,81.4,0.472,0.002,0.786,0.0,90.1,0.0,stomp,0
3.468,5.137,22.627,1.013,562.53,35.54,2000.0,407.6,3.746,0.002,4.302,0.0,439.7,0.0,hard_kick,0
3.329,0.694,4.17,1.493,57.67,15.83,480.0,147.6,1.114,0.002,2.522,0.0,336.3,0.0,walking,0
2.662,3.242,16.183,1.013,399.22,32.54,1226.4,232.4,1.517,0.002,3.583,0.0,250.9,0.0,soft_kick,0
8.395,6.641,22.627,0.993,611.9,110.02,2000.0,582.3,5.505,0.002,7.576,0.0,756.1,0.0,repeated_kick,1
1.382,1.512,8.882,0.033,220.09,19.74,360.5,72.7,0.578,0.002,1.702,0.0,84.9,0.0,jumping,0
0.988,0.002,0.992,0.983,0.33,0.1,2.3,0.5,0.002,0.002,0.006,0.0,1.2,0.0,sitting,0
1.216,0.671,4.887,0.43,101.21,7.0,416.4,82.4,0.472,0.002,0.789,0.0,91.0,0.0,stomp,0
3.146,0.649,3.921,1.341,67.65,14.69,463.3,143.3,1.066,0.002,2.345,0.0,325.9,0.0,walking,0
2.65,3.261,16.203,0.988,435.09,33.42,1203.0,227.3,1.517,0.002,3.6,0.0,247.7,0.0,soft_kick,0
3.438,5.145,22.627,0.983,550.79,34.48,2000.0,417.7,3.757,0.002,4.297,0.0,450.6,0.0,hard_kick,0
2.715,0.536,3.475,1.196,51.55,10.25,422.3,127.0,0.933,0.002,1.849,0.0,299.1,0.0,walking,0
0.975,0.002,0.981,0.97,0.49,0.12,1.6,0.2,0.002,0.002,0.005,0.0,0.7,0.0,standing,0
1.015,0.002,1.019,1.011,0.33,0.1,1.7,0.4,0.002,0.002,0.006,0.0,0.6,0.0,standing,0
1.013,0.002,1.018,1.008,0.33,0.11,2.4,0.8,0.002,0.002,0.003,0.0,0.8,0.0,standing,0
10.588,6.23,22.627,0.995,605.99,150.9,2000.0,557.7,5.651,0.002,8.671,0.0,821.4,0.0,repeated_kick,1
10.615,6.193,22.627,1.252,614.54,142.59,2000.0,577.4,5.766,0.002,8.595,0.0,867.7,0.0,repeated_kick,1
1.402,1.56,9.706,0.018,250.4,20.41,360.8,73.0,0.557,0.002,1.768,0.0,85.4,0.0,jumping,0
1.001,0.002,1.004,0.996,0.29,0.09,0.7,0.1,0.002,0.002,0.003,0.0,0.3,0.0,standing,0
2.517,0.479,3.263,1.098,41.24,9.13,403.6,125.0,0.86,0.002,1.669,0.0,278.5,0.0,walking,0
0.996,0.002,1.002,0.991,0.36,0.1,2.0,0.5,0.002,0.002,0.002,0.0,0.9,0.0,standing,0
2.576,3.167,16.101,0.98,391.37,29.89,1610.1,280.2,1.547,0.002,3.456,0.0,305.0,0.0,soft_kick,0
1.01,0.002,1.015,1.005,0.34,0.1,1.8,0.2,0.002,0.002,0.002,0.0,0.6,0.0,standing,0
3.475,5.191,22.627,1.01,509.33,38.66,2000.0,415.5,3.714,0.002,4.425,0.0,449.7,0.0,hard_kick,0
13.565,4.154,18.8,1.695,346.11,101.78,1522.1,472.8,5.718,0.002,8.816,0.0,1070.6,0.0,running,0
3.452,5.14,22.627,0.999,555.66,35.04,2000.0,412.4,3.751,0.002,4.297,0.0,445.1,0.0,hard_kick,0
2.964,0.662,3.766,0.744,53.38,12.69,450.5,141.7,1.038,0.002,2.128,0.0,309.7,0.0,walking,0
1.37,1.573,8.611,0.017,218.61,19.82,360.1,72.8,0.657,0.002,1.719,0.0,84.7,0.0,jumping,0
2.988,0.634,3.777,0.975,63.96,13.79,451.2,139.8,1.033,0.002,2.18,0.0,312.8,0.0,walking,0
12.589,3.647,16.379,3.89,270.88,96.86,1389.3,423.4,5.404,0.002,8.056,0.0,987.6,0.0,running,0
3.45,5.185,22.627,0.983,479.67,37.7,2000.0,419.4,3.728,0.002,4.396,0.0,453.9,0.0,hard_kick,0
3.235,0.652,4.053,1.396,67.54,14.95,471.5,144.2,1.099,0.002,2.414,0.0,336.7,0.0,walking,0
1.361,1.549,9.239,0.017,213.77,20.53,362.0,72.9,0.604,0.002,1.725,0.0,85.2,0.0,jumping,0
1.188,0.704,5.449,0.36,127.31,7.7,1084.9,123.3,0.471,0.002,0.815,0.0,130.5,0.0,stomp,0
1.208,0.698,5.393,0.386,124.03,7.66,1025.0,117.7,0.472,0.002,0.815,0.0,124.8,0.0,stomp,0
10.716,6.208,22.627,1.008,610.19,160.56,2000.0,572.7,5.665,0.002,8.89,0.0,828.5,0.0,repeated_kick,1
12.18,3.564,16.11,3.624,263.29,101.1,1338.9,407.9,5.407,0.002,7.728,0.0,941.4,0.0,running,0
2.533,3.171,16.062,0.584,471.41,29.41,1626.8,294.8,1.561,0.002,3.425,0.0,318.6,0.0,soft_kick,0
8.374,6.663,22.627,0.981,560.83,112.29,2000.0,585.9,5.539,0.002,7.583,0.0,775.3,0.0,repeated_kick,1
1.0,0.002,1.004,0.992,0.35,0.1,1.5,0.4,0.002,0.002,0.005,0.0,0.7,0.0,sitting,0
1.021,0.002,1.026,1.015,0.44,0.13,1.7,0.5,0.002,0.002,0.005,0.0,0.6,0.0,standing,0
1.025,0.002,1.03,1.02,0.44,0.1,2.7,0.7,0.002,0.002,0.003,0.0,0.7,0.0,standing,0
1.712,0.511,2.591,0.889,32.91,18.25,182.1,55.4,0.474,0.002,1.491,0.0,127.6,0.0,shake_leg,0
2.656,3.264,16.214,0.998,451.47,33.76,1200.0,227.1,1.518,0.002,3.603,0.0,248.7,0.0,soft_kick,0
2.559,3.159,16.075,0.998,445.13,29.23,1650.2,294.0,1.558,0.002,3.425,0.0,318.7,0.0,soft_kick,0
1.011,0.002,1.016,1.005,0.47,0.12,2.4,0.6,0.002,0.002,0.008,0.0,1.5,0.0,sitting,0
1.175,0.664,5.295,0.399,108.23,6.84,1038.9,133.9,0.467,0.002,0.754,0.0,142.2,0.0,stomp,0
2.639,3.245,16.177,0.986,393.34,32.48,1243.3,233.5,1.517,0.002,3.581,0.0,251.9,0.0,soft_kick,0
0.997,0.002,1.002,0.991,0.38,0.12,1.6,0.2,0.002,0.002,0.003,0.0,0.4,0.0,standing,0
1.358,1.513,8.474,0.042,239.66,19.09,357.2,73.2,0.571,0.002,1.706,0.0,84.8,0.0,jumping,0
10.559,6.188,22.627,1.001,597.87,142.1,2000.0,581.6,5.754,0.002,8.56,0.0,868.7,0.0,repeated_kick,1
3.507,5.255,22.627,1.002,611.7,41.51,2000.0,384.5,3.653,0.002,4.574,0.0,411.8,0.0,hard_kick,0
2.454,0.463,3.175,1.26,33.43,8.83,395.4,121.1,0.824,0.002,1.609,0.0,284.9,0.0,walking,0
1.944,0.633,3.007,0.879,46.36,26.08,202.0,62.1,0.57,0.002,1.775,0.0,143.7,0.0,shake_leg,0
13.606,4.046,18.622,1.979,339.7,102.66,1512.8,459.8,5.719,0.002,8.802,0.0,1070.0,0.0,running,0
1.174,0.689,5.509,0.351,125.29,7.09,1262.3,151.7,0.465,0.002,0.782,0.0,159.3,0.0,stomp,0
0.991,0.002,0.997,0.985,0.56,0.13,2.5,0.7,0.002,0.002,0.009,0.0,1.5,0.0,sitting,0
8.389,6.617,22.627,0.976,584.6,111.77,2000.0,564.9,5.487,0.002,7.56,0.0,741.6,0.0,repeated_kick,1
1.454,0.368,2.103,0.916,19.38,10.52,155.4,47.6,0.357,0.002,1.146,0.0,109.4,0.0,shake_leg,0
1.413,0.327,2.027,0.927,17.24,9.26,150.5,46.1,0.345,0.002,1.088,0.0,104.9,0.0,shake_leg,0
12.754,3.831,16.707,4.061,285.99,100.43,1415.4,433.8,5.339,0.002,8.208,0.0,1017.6,0.0,running,0
1.006,0.002,1.01,1.001,0.3,0.09,2.0,0.4,0.002,0.002,0.004,0.0,0.5,0.0,standing,0
1.005,0.002,1.012,0.997,0.48,0.14,2.3,0.3,0.002,0.002,0.006,0.0,1.1,0.0,sitting,0
1.395,0.315,1.995,0.931,16.47,8.58,148.2,46.3,0.334,0.002,1.056,0.0,103.0,0.0,shake_leg,0
2.693,0.508,3.421,1.151,50.78,10.19,418.0,130.3,0.939,0.002,1.843,0.0,295.5,0.0,walking,0
0.984,0.002,0.989,0.977,0.33,0.1,2.8,0.7,0.002,0.002,0.009,0.0,1.5,0.0,sitting,0
0.98,0.002,0.985,0.974,0.44,0.12,3.5,0.9,0.002,0.002,0.004,0.0,1.5,0.0,standing,0
1.368,1.52,8.725,0.003,238.85,19.12,355.0,73.2,0.565,0.002,1.715,0.0,84.6,0.0,jumping,0
12.493,3.731,16.274,2.945,286.13,95.6,1361.2,415.6,5.375,0.002,7.982,0.0,959.9,0.0,running,0
1.177,0.693,5.521,0.371,131.33,7.19,1278.7,149.9,0.467,0.002,0.795,0.0,157.2,0.0,stomp,0
13.758,3.732,18.731,4.576,333.8,109.5,1516.8,470.1,5.822,0.002,8.818,0.0,1060.9,0.0,running,0
3.444,5.208,22.627,0.971,522.75,39.2,2000.0,413.5,3.716,0.002,4.441,0.0,447.4,0.0,hard_kick,0
12.833,3.785,16.978,4.222,294.76,98.74,1429.4,437.9,5.434,0.002,8.332,0.0,1023.7,0.0,running,0
12.727,3.77,16.785,4.155,286.26,101.73,1419.0,436.5,5.424,0.002,8.37,0.0,1008.9,0.0,running,0
0.988,0.002,0.994,0.982,0.36,0.13,3.5,0.8,0.002,0.002,0.006,0.0,1.1,0.0,sitting,0
1.186,0.701,5.318,0.373,118.85,7.7,946.2,111.2,0.472,0.002,0.815,0.0,118.2,0.0,stomp,0
1.187,0.703,5.513,0.354,131.78,7.62,1171.9,132.6,0.47,0.002,0.812,0.0,140.0,0.0,stomp,0
1.002,0.002,1.008,0.997,0.45,0.13,1.0,0.2,0.002,0.002,0.005,0.0,0.2,0.0,standing,0
1.013,0.002,1.019,1.009,0.37,0.12,1.8,0.3,0.002,0.002,0.004,0.0,0.7,0.0,sitting,0
1.197,0.699,5.318,0.373,118.29,7.71,941.2,110.8,0.473,0.002,0.814,0.0,117.7,0.0,stomp,0
2.448,0.484,3.193,1.119,43.62,9.13,395.1,122.9,0.85,0.002,1.611,0.0,272.2,0.0,walking,0
8.404,6.696,22.627,0.981,613.16,114.38,2000.0,581.8,5.524,0.002,7.66,0.0,766.5,0.0,repeated_kick,1
1.017,0.002,1.022,1.012,0.38,0.12,2.2,0.4,0.002,0.002,0.003,0.0,0.7,0.0,standing,0
1.003,0.002,1.008,0.998,0.38,0.12,2.2,0.3,0.002,0.002,0.004,0.0,0.3,0.0,standing,0
1.016,0.003,1.023,1.008,0.5,0.12,2.6,0.6,0.003,0.002,0.008,0.0,1.3,0.0,sitting,0
1.0,0.002,1.005,0.995,0.46,0.11,2.0,0.2,0.002,0.002,0.003,0.0,0.9,0.0,standing,0
1.392,1.583,9.156,0.027,249.38,19.51,349.3,72.9,0.622,0.002,1.755,0.0,84.7,0.0,jumping,0
2.591,3.204,15.521,0.999,544.84,29.83,1199.9,229.1,1.548,0.002,3.492,0.0,251.0,0.0,soft_kick,0
2.691,0.512,3.429,1.185,52.19,10.25,419.2,126.9,0.925,0.002,1.827,0.0,297.7,0.0,walking,0
8.389,6.703,22.627,0.958,614.24,116.65,2000.0,580.9,5.521,0.002,7.678,0.0,765.1,0.0,repeated_kick,1
3.264,0.626,3.978,1.189,63.14,14.02,468.5,142.8,1.16,0.002,2.329,0.0,336.5,0.0,walking,0
3.437,5.166,22.627,0.978,517.36,33.84,2000.0,426.2,3.768,0.002,4.321,0.0,460.5,0.0,hard_kick,0
1.988,0.667,3.065,0.86,49.19,27.58,206.8,63.2,0.594,0.002,1.833,0.0,145.9,0.0,shake_leg,0
3.486,5.221,22.627,0.98,602.51,41.41,2000.0,376.9,3.631,0.002,4.546,0.0,403.7,0.0,hard_kick,0
0.997,0.002,1.003,0.991,0.47,0.12,2.4,0.4,0.003,0.002,0.008,0.0,1.4,0.0,sitting,0
1.153,0.677,5.384,0.364,111.09,6.92,1154.4,144.3,0.466,0.002,0.763,0.0,152.4,0.0,stomp,0
1.006,0.002,1.012,1.001,0.39,0.12,1.9,0.3,0.002,0.002,0.005,0.0,0.7,0.0,standing,0
3.505,5.251,22.627,0.999,609.77,41.57,2000.0,382.4,3.647,0.002,4.572,0.0,409.5,0.0,hard_kick,0
3.481,5.263,22.627,0.973,612.59,41.64,2000.0,385.4,3.661,0.002,4.573,0.0,413.2,0.0,hard_kick,0
1.169,0.663,4.991,0.395,99.19,6.94,505.4,86.3,0.471,0.002,0.764,0.0,94.4,0.0,stomp,0
3.462,0.733,4.291,0.952,44.27,15.75,487.0,151.0,1.226,0.002,2.593,0.0,344.6,0.0,walking,0
2.608,3.185,16.124,0.989,353.69,30.31,1524.6,263.8,1.536,0.002,3.495,0.0,287.6,0.0,soft_kick,0
10.698,6.278,22.627,1.023,614.75,158.7,2000.0,582.1,5.716,0.002,8.88,0.0,844.8,0.0,repeated_kick,1
3.438,5.143,22.627,0.978,555.31,34.94,2000.0,413.6,3.754,0.002,4.297,0.0,446.1,0.0,hard_kick,0
3.457,5.162,22.627,0.986,572.48,37.08,2000.0,391.7,3.751,0.002,4.326,0.0,423.7,0.0,hard_kick,0
2.527,0.477,3.269,1.145,44.15,9.23,403.5,122.8,0.869,0.002,1.689,0.0,288.3,0.0,walking,0
1.015,0.002,1.02,1.009,0.39,0.11,1.6,0.3,0.002,0.002,0.007,0.0,0.6,0.0,standing,0
1.671,0.491,2.499,0.886,30.24,16.9,176.9,53.9,0.45,0.002,1.429,0.0,126.3,0.0,shake_leg,0
3.471,5.236,22.627,0.958,607.16,41.55,2000.0,379.0,3.64,0.002,4.557,0.0,405.3,0.0,hard_kick,0
3.263,0.622,3.988,1.323,56.63,13.94,468.1,142.0,1.156,0.002,2.295,0.0,337.6,0.0,walking,0
1.368,1.513,9.198,0.012,210.26,20.02,361.8,72.2,0.555,0.002,1.711,0.0,84.8,0.0,jumping,0
12.365,3.769,16.385,3.913,274.96,101.27,1394.4,427.6,5.399,0.002,8.138,0.0,976.2,0.0,running,0
3.483,5.242,22.627,0.992,591.46,41.02,2000.0,397.2,3.685,0.002,4.523,0.0,428.9,0.0,hard_kick,0
2.551,3.185,16.046,0.783,512.94,29.7,1493.0,283.7,1.562,0.002,3.443,0.0,307.0,0.0,soft_kick,0
2.605,3.201,15.511,1.013,545.95,29.77,1201.4,229.7,1.548,0.002,3.492,0.0,251.7,0.0,soft_kick,0
3.044,0.652,3.796,0.829,44.52,12.91,453.1,142.0,1.06,0.002,2.177,0.0,312.0,0.0,walking,0
12.906,3.881,17.071,1.444,295.81,98.09,1432.6,441.7,5.544,0.002,8.18,0.0,1015.8,0.0,running,0
2.55,3.166,16.065,0.664,466.91,29.34,1633.2,294.9,1.561,0.002,3.424,0.0,318.9,0.0,soft_kick,0
3.147,0.579,3.857,1.607,50.32,13.21,458.2,139.6,1.104,0.002,2.173,0.0,329.2,0.0,walking,0
0.988,0.002,0.994,0.983,0.44,0.12,1.1,0.1,0.002,0.002,0.004,0.0,0.4,0.0,standing,0
2.575,3.186,16.115,0.955,362.95,30.17,1549.8,268.2,1.539,0.002,3.484,0.0,292.3,0.0,soft_kick,0
2.874,0.59,3.598,0.714,53.19,11.7,436.7,134.1,1.0,0.002,2.02,0.0,305.1,0.0,walking,0
1.01,0.002,1.015,1.003,0.35,0.12,1.8,0.4,0.002,0.002,0.005,0.0,0.8,0.0,sitting,0
8.38,6.636,22.627,0.993,596.57,108.97,2000.0,584.5,5.509,0.002,7.563,0.0,762.6,0.0,repeated_kick,1
3.462,5.175,22.627,0.995,464.75,37.11,2000.0,421.0,3.731,0.002,4.383,0.0,455.7,0.0,hard_kick,0
3.25,0.678,4.08,1.192,69.08,15.19,473.4,143.3,1.094,0.002,2.425,0.0,327.9,0.0,walking,0
10.662,6.152,22.627,1.251,603.47,145.66,2000.0,577.1,5.758,0.002,8.664,0.0,877.6,0.0,repeated_kick,1
1.194,0.665,4.952,0.415,99.13,6.95,477.6,81.5,0.472,0.002,0.772,0.0,90.0,0.0,stomp,0
10.615,6.173,22.627,1.044,569.03,141.33,2000.0,586.1,5.81,0.002,8.588,0.0,893.7,0.0,repeated_kick,1
2.768,0.569,3.562,1.068,56.19,11.95,432.0,132.1,0.914,0.002,1.97,0.0,304.9,0.0,walking,0
2.608,3.165,16.111,1.008,382.1,29.83,1589.8,275.6,1.544,0.002,3.467,0.0,300.6,0.0,soft_kick,0
1.877,0.598,2.89,0.991,41.98,22.81,196.3,60.7,0.545,0.002,1.697,0.0,139.5,0.0,shake_leg,0
1.159,0.677,5.402,0.364,112.7,6.9,1176.5,146.1,0.465,0.002,0.765,0.0,154.1,0.0,stomp,0
14.017,3.681,18.989,4.675,338.6,108.42,1532.8,464.2,5.591,0.002,8.912,0.0,1094.5,0.0,running,0
13.796,3.881,18.584,5.021,339.63,103.63,1503.0,454.9,5.665,0.002,8.856,0.0,1091.2,0.0,running,0
1.005,0.002,1.01,0.998,0.38,0.11,2.5,0.7,0.002,0.002,0.009,0.0,1.5,0.0,sitting,0
1.343,0.287,1.851,0.932,17.31,7.1,139.1,42.4,0.294,0.002,0.956,0.0,96.8,0.0,shake_leg,0
1.202,0.687,5.528,0.377,127.76,7.08,1272.9,151.8,0.466,0.002,0.786,0.0,159.2,0.0,stomp,0
10.542,6.258,22.627,0.976,610.9,144.13,2000.0,579.3,5.76,0.002,8.593,0.0,868.9,0.0,repeated_kick,1
1.371,1.586,9.504,0.014,236.91,20.75,362.0,72.4,0.616,0.002,1.757,0.0,84.9,0.0,jumping,0
10.549,6.173,22.627,1.029,573.34,140.86,2000.0,569.9,5.765,0.002,8.484,0.0,871.2,0.0,repeated_kick,1
1.013,0.002,1.018,1.008,0.39,0.13,1.0,0.1,0.002,0.002,0.005,0.0,0.2,0.0,standing,0
2.581,3.17,16.105,0.978,383.31,29.92,1596.8,277.4,1.545,0.002,3.462,0.0,301.9,0.0,soft_kick,0
0.977,0.002,0.983,0.972,0.34,0.13,2.0,0.2,0.002,0.002,0.005,0.0,0.9,0.0,standing,0
0.977,0.002,0.983,0.97,0.38,0.12,3.2,0.5,0.002,0.002,0.008,0.0,1.4,0.0,sitting,0
3.186,0.657,3.958,1.415,39.62,13.75,466.2,144.1,1.076,0.002,2.268,0.0,327.9,0.0,walking,0
1.198,0.658,5.026,0.408,99.03,6.9,518.4,88.5,0.471,0.002,0.761,0.0,96.6,0.0,stomp,0
10.609,6.148,22.627,1.094,575.53,138.91,2000.0,578.3,5.807,0.002,8.523,0.0,883.1,0.0,repeated_kick,1
3.445,5.148,22.627,0.991,542.57,33.85,2000.0,422.8,3.762,0.002,4.3,0.0,456.5,0.0,hard_kick,0
0.993,0.002,0.998,0.987,0.51,0.12,2.6,0.6,0.002,0.002,0.004,0.0,0.7,0.0,sitting,0
10.664,6.19,22.627,1.012,610.39,144.04,2000.0,591.3,5.762,0.002,8.697,0.0,876.9,0.0,repeated_kick,1
1.194,0.701,5.41,0.377,125.35,7.68,1050.6,120.0,0.472,0.002,0.815,0.0,127.1,0.0,stomp,0
1.005,0.002,1.011,1.0,0.48,0.11,1.6,0.4,0.002,0.002,0.004,0.0,0.7,0.0,sitting,0
3.066,0.673,3.864,0.784,36.99,13.27,460.4,143.7,1.061,0.002,2.224,0.0,317.8,0.0,walking,0
2.41,0.529,3.173,0.686,44.32,9.21,394.9,122.8,0.828,0.002,1.636,0.0,272.5,0.0,walking,0
0.993,0.002,0.997,0.988,0.33,0.1,2.0,0.3,0.002,0.002,0.002,0.0,0.3,0.0,standing,0
1.386,1.602,9.619,0.023,245.14,21.07,361.3,72.7,0.628,0.002,1.773,0.0,85.2,0.0,jumping,0
3.461,5.243,22.627,0.966,582.46,40.9,2000.0,399.2,3.692,0.002,4.514,0.0,431.5,0.0,hard_kick,0
3.473,5.176,22.627,1.0,574.17,37.81,2000.0,386.1,3.756,0.002,4.341,0.0,417.6,0.0,hard_kick,0
1.036,0.002,1.042,1.03,0.42,0.11,1.4,0.2,0.003,0.002,0.005,0.0,0.8,0.0,sitting,0
1.003,0.002,1.01,0.998,0.38,0.13,2.6,0.5,0.002,0.002,0.009,0.0,1.5,0.0,sitting,0
12.816,3.675,16.553,4.014,280.42,97.59,1406.9,427.7,5.482,0.002,8.134,0.0,1003.0,0.0,running,0
1.005,0.002,1.009,1.0,0.37,0.13,2.7,0.5,0.002,0.002,0.004,0.0,1.3,0.0,standing,0
2.551,3.17,16.06,0.495,479.78,29.37,1611.1,293.7,1.562,0.002,3.427,0.0,317.6,0.0,soft_kick,0
1.014,0.002,1.022,1.01,0.47,0.1,2.1,0.4,0.002,0.002,0.006,0.0,1.0,0.0,sitting,0
1.018,0.002,1.024,1.013,0.36,0.11,1.8,0.4,0.002,0.002,0.003,0.0,0.9,0.0,standing,0
2.522,0.553,3.317,0.703,23.87,9.33,407.5,127.3,0.854,0.002,1.685,0.0,285.2,0.0,walking,0
3.426,5.147,22.627,0.967,552.91,34.92,2000.0,413.9,3.756,0.002,4.297,0.0,446.8,0.0,hard_kick,0
11.301,3.501,16.041,3.33,259.78,97.88,1278.6,391.1,5.276,0.002,7.202,0.0,897.4,0.0,running,0
0.987,0.002,0.993,0.98,0.3,0.12,2.5,0.6,0.002,0.002,0.009,0.0,1.5,0.0,sitting,0
10.639,6.161,22.627,0.99,591.78,145.71,2000.0,585.0,5.765,0.002,8.681,0.0,879.7,0.0,repeated_kick,1
3.496,5.257,22.627,0.991,614.8,41.49,2000.0,389.8,3.672,0.002,4.56,0.0,419.8,0.0,hard_kick,0
12.555,3.625,16.213,3.789,263.31,99.86,1371.1,416.8,5.509,0.002,7.845,0.0,965.0,0.0,running,0
3.138,0.656,3.937,1.125,64.49,14.41,461.5,142.2,1.07,0.002,2.304,0.0,318.6,0.0,walking,0
1.378,1.637,9.707,0.009,251.83,21.06,360.2,73.0,0.653,0.002,1.794,0.0,85.3,0.0,jumping,0
1.195,0.702,5.4,0.369,124.09,7.7,1028.2,118.0,0.472,0.002,0.815,0.0,125.0,0.0,stomp,0
2.603,3.151,16.093,1.032,417.87,29.51,1644.1,288.9,1.553,0.002,3.437,0.0,313.6,0.0,soft_kick,0
3.473,5.177,22.627,0.996,575.53,37.92,2000.0,384.5,3.752,0.002,4.346,0.0,415.9,0.0,hard_kick,0
12.437,3.823,16.374,4.036,276.55,100.4,1397.7,427.1,5.306,0.002,8.17,0.0,993.9,0.0,running,0
0.99,0.002,0.995,0.985,0.39,0.1,2.4,0.4,0.002,0.002,0.006,0.0,0.7,0.0,standing,0
3.489,0.726,4.347,1.583,65.53,15.77,488.7,150.3,1.233,0.002,2.578,0.0,344.7,0.0,walking,0
2.54,3.18,16.05,0.543,500.46,29.6,1552.2,288.8,1.563,0.002,3.434,0.0,312.4,0.0,soft_kick,0
2.599,3.186,16.122,0.981,354.87,30.31,1529.1,264.3,1.536,0.002,3.494,0.0,288.3,0.0,soft_kick,0
10.666,6.183,22.627,1.012,613.84,146.3,2000.0,584.4,5.728,0.002,8.712,0.0,862.3,0.0,repeated_kick,1
11.653,3.521,16.051,3.386,264.28,99.78,1295.7,393.7,5.14,0.002,7.306,0.0,922.7,0.0,running,0
1.003,0.002,1.008,0.998,0.3,0.1,3.2,0.9,0.002,0.002,0.009,0.0,1.5,0.0,sitting,0
1.211,0.696,5.312,0.382,117.93,7.64,929.4,109.9,0.472,0.002,0.814,0.0,116.8,0.0,stomp,0
1.367,1.635,9.66,0.037,264.24,19.22,353.1,72.3,0.626,0.002,1.807,0.0,84.5,0.0,jumping,0
13.428,3.834,18.039,4.458,319.03,107.76,1480.0,455.5,5.556,0.002,8.812,0.0,1049.9,0.0,running,0
10.562,6.328,22.627,0.986,611.63,153.49,2000.0,581.0,5.684,0.002,8.763,0.0,842.8,0.0,repeated_kick,1
2.566,3.171,16.101,0.963,388.54,29.96,1606.1,279.5,1.546,0.002,3.458,0.0,304.0,0.0,soft_kick,0
1.958,0.631,2.977,0.86,46.15,26.41,202.0,61.9,0.577,0.002,1.79,0.0,142.0,0.0,shake_leg,0
2.645,0.52,3.394,0.717,54.33,9.92,413.4,128.8,0.88,0.002,1.824,0.0,291.7,0.0,walking,0
0.977,0.002,0.983,0.971,0.35,0.11,4.0,1.0,0.002,0.002,0.006,0.0,1.0,0.0,sitting,0
12.509,3.954,16.602,3.281,299.39,98.38,1410.0,439.1,5.447,0.002,8.237,0.0,978.6,0.0,running,0
1.017,0.002,1.024,1.01,0.4,0.11,3.0,0.6,0.002,0.002,0.009,0.0,1.5,0.0,sitting,0
8.413,6.636,22.627,0.994,592.89,116.92,2000.0,562.8,5.458,0.002,7.641,0.0,738.7,0.0,repeated_kick,1
1.001,0.002,1.006,0.994,0.33,0.11,2.0,0.6,0.002,0.002,0.005,0.0,0.8,0.0,sitting,0
0.99,0.003,0.995,0.984,0.43,0.12,3.1,1.0,0.003,0.002,0.009,0.0,1.6,0.0,sitting,0
1.901,0.606,2.913,0.872,43.53,24.92,200.2,60.8,0.554,0.002,1.715,0.0,138.4,0.0,shake_leg,0
3.448,5.169,22.627,0.989,475.2,35.67,2000.0,424.2,3.746,0.002,4.353,0.0,459.0,0.0,hard_kick,0
3.462,5.227,22.627,0.977,559.58,40.3,2000.0,405.0,3.7,0.002,4.486,0.0,438.2,0.0,hard_kick,0
1.379,1.703,9.98,0.027,267.01,21.03,357.0,72.9,0.695,0.002,1.846,0.0,85.2,0.0,jumping,0
1.757,0.534,2.654,0.918,33.97,18.67,184.1,57.3,0.487,0.002,1.527,0.0,131.6,0.0,shake_leg,0
2.531,0.552,3.322,0.687,29.08,9.48,410.0,127.7,0.86,0.002,1.708,0.0,286.5,0.0,walking,0
0.999,0.002,1.005,0.994,0.34,0.13,2.6,0.6,0.002,0.002,0.01,0.0,1.5,0.0,sitting,0
3.471,5.236,22.627,0.983,577.25,40.7,2000.0,401.1,3.692,0.002,4.506,0.0,433.2,0.0,hard_kick,0
2.564,3.193,16.04,1.0,529.41,29.78,1400.2,275.0,1.561,0.002,3.457,0.0,298.3,0.0,soft_kick,0
3.457,5.141,22.627,1.007,546.45,34.28,2000.0,419.8,3.756,0.002,4.296,0.0,452.9,0.0,hard_kick,0
2.409,0.489,3.169,0.823,47.74,9.21,393.5,119.3,0.813,0.002,1.616,0.0,277.5,0.0,walking,0
1.0,0.002,1.005,0.993,0.35,0.13,3.2,0.7,0.002,0.002,0.009,0.0,1.5,0.0,sitting,0
2.647,3.256,16.193,0.982,417.25,33.02,1207.0,228.3,1.517,0.002,3.596,0.0,248.2,0.0,soft_kick,0
1.161,0.685,5.465,0.341,119.3,7.0,1224.9,149.8,0.466,0.002,0.773,0.0,157.6,0.0,stomp,0
12.549,3.644,16.311,3.977,270.37,96.9,1384.9,424.0,5.4,0.002,8.041,0.0,985.8,0.0,running,0
10.664,6.204,22.627,1.038,603.77,153.2,2000.0,564.9,5.703,0.002,8.752,0.0,851.6,0.0,repeated_kick,1
2.564,3.188,16.043,0.974,522.16,29.74,1440.8,278.5,1.562,0.002,3.45,0.0,302.0,0.0,soft_kick,0
3.099,0.576,3.81,1.567,51.47,13.03,452.9,139.3,1.107,0.002,2.138,0.0,326.5,0.0,walking,0
2.614,3.171,16.117,1.009,368.55,29.84,1564.7,271.0,1.54,0.002,3.477,0.0,295.2,0.0,soft_kick,0
2.038,0.703,3.146,0.864,52.22,29.28,210.3,64.7,0.61,0.002,1.894,0.0,150.3,0.0,shake_leg,0
2.13,0.751,3.319,0.843,58.4,33.27,218.2,66.8,0.65,0.002,2.011,0.0,153.9,0.0,shake_leg,0
3.396,0.693,4.266,1.462,66.5,16.11,484.4,148.4,1.128,0.002,2.557,0.0,340.0,0.0,walking,0
1.384,1.625,9.102,0.023,247.7,19.86,351.1,72.9,0.684,0.002,1.765,0.0,84.5,0.0,jumping,0
1.205,0.676,5.45,0.423,121.76,6.9,1239.9,150.6,0.466,0.002,0.776,0.0,158.4,0.0,stomp,0
0.999,0.002,1.005,0.992,0.53,0.12,2.5,0.5,0.002,0.002,0.007,0.0,1.3,0.0,sitting,0
3.445,5.176,22.627,0.982,456.77,36.63,2000.0,422.2,3.739,0.002,4.371,0.0,457.1,0.0,hard_kick,0
1.381,1.642,9.658,0.001,263.07,19.52,353.4,72.8,0.642,0.002,1.805,0.0,84.8,0.0,jumping,0
1.0,0.002,1.006,0.995,0.34,0.12,2.9,0.6,0.002,0.002,0.01,0.0,1.5,0.0,sitting,0
2.166,0.747,3.342,0.848,58.64,33.23,218.7,67.0,0.646,0.002,2.018,0.0,154.2,0.0,shake_leg,0
8.421,6.665,22.627,0.979,599.0,115.57,2000.0,570.0,5.473,0.002,7.684,0.0,745.1,0.0,repeated_kick,1
10.678,6.13,22.627,1.132,592.25,148.36,2000.0,567.1,5.742,0.002,8.688,0.0,853.5,0.0,repeated_kick,1
3.194,0.602,3.906,1.575,53.4,13.58,462.8,140.8,1.131,0.002,2.22,0.0,333.6,0.0,walking,0
0.998,0.002,1.003,0.994,0.33,0.11,1.8,0.1,0.002,0.002,0.003,0.0,0.7,0.0,standing,0
12.632,3.662,16.275,3.95,267.58,99.7,1380.3,425.7,5.535,0.002,8.008,0.0,986.8,0.0,running,0
1.008,0.002,1.014,1.003,0.41,0.12,2.4,0.6,0.002,0.002,0.008,0.0,1.4,0.0,sitting,0
1.385,1.647,9.921,0.025,263.67,20.73,358.6,73.2,0.632,0.002,1.82,0.0,85.4,0.0,jumping,0
3.455,5.183,22.627,0.99,479.28,37.67,2000.0,419.5,3.728,0.002,4.396,0.0,454.1,0.0,hard_kick,0
2.557,3.16,16.077,0.991,440.19,29.28,1651.7,293.5,1.557,0.002,3.426,0.0,318.2,0.0,soft_kick,0
2.54,3.185,16.046,0.708,510.06,29.71,1510.2,284.8,1.563,0.002,3.441,0.0,308.6,0.0,soft_kick,0
0.99,0.002,0.994,0.985,0.32,0.11,2.5,0.7,0.002,0.002,0.005,0.0,1.3,0.0,standing,0
11.697,3.622,16.081,3.524,235.12,97.22,1314.9,403.1,5.291,0.002,7.509,0.0,937.8,0.0,running,0
12.739,3.95,16.859,1.194,290.66,98.55,1422.7,440.9,5.484,0.002,8.174,0.0,1001.2,0.0,running,0
3.476,0.711,4.353,1.509,70.75,16.7,488.8,149.0,1.207,0.002,2.558,0.0,346.9,0.0,walking,0
13.901,3.738,19.016,4.678,346.95,110.39,1535.4,477.7,5.573,0.002,9.014,0.0,1087.0,0.0,running,0
0.977,0.002,0.982,0.973,0.35,0.11,2.3,0.6,0.002,0.002,0.009,0.0,1.4,0.0,sitting,0
0.992,0.002,0.998,0.988,0.33,0.11,2.0,0.5,0.002,0.002,0.004,0.0,0.9,0.0,standing,0
3.053,0.668,3.846,0.803,37.66,12.94,456.2,142.8,1.051,0.002,2.193,0.0,314.1,0.0,walking,0
1.179,0.699,5.534,0.364,133.23,7.37,1253.9,144.2,0.468,0.002,0.805,0.0,151.7,0.0,stomp,0
0.978,0.002,0.983,0.973,0.33,0.1,3.2,0.5,0.002,0.002,0.009,0.0,1.6,0.0,sitting,0
1.403,1.697,9.916,0.025,263.25,21.0,357.8,72.7,0.699,0.002,1.838,0.0,85.2,0.0,jumping,0
2.169,0.769,3.373,0.857,60.47,33.8,220.7,69.8,0.651,0.002,2.037,0.0,154.3,0.0,shake_leg,0
1.211,0.693,5.174,0.373,110.43,7.55,781.3,99.1,0.473,0.002,0.809,0.0,106.7,0.0,stomp,0
1.388,1.636,9.88,0.028,267.8,19.53,355.8,72.6,0.605,0.002,1.821,0.0,84.8,0.0,jumping,0
2.664,3.243,16.185,1.011,400.96,32.61,1216.8,231.5,1.517,0.002,3.586,0.0,250.4,0.0,soft_kick,0
2.542,3.183,16.048,0.688,505.71,29.66,1523.0,286.2,1.563,0.002,3.437,0.0,309.7,0.0,soft_kick,0
8.477,6.697,22.627,1.0,613.39,123.53,2000.0,553.6,5.412,0.002,7.818,0.0,721.3,0.0,repeated_kick,1
3.498,5.258,22.627,0.989,613.25,41.55,2000.0,384.3,3.655,0.002,4.576,0.0,412.0,0.0,hard_kick,0
0.996,0.002,1.002,0.99,0.45,0.1,2.8,0.8,0.002,0.002,0.008,0.0,1.2,0.0,sitting,0
2.648,3.23,16.167,1.002,373.91,31.83,1307.4,237.1,1.52,0.002,3.566,0.0,257.0,0.0,soft_kick,0
11.91,3.6,16.077,3.508,273.4,100.67,1314.7,401.5,5.226,0.002,7.414,0.0,933.5,0.0,running,0
1.002,0.003,1.009,0.994,0.42,0.12,2.7,0.6,0.003,0.002,0.009,0.0,1.6,0.0,sitting,0
1.161,0.675,5.384,0.367,111.09,6.91,1154.7,144.3,0.466,0.002,0.763,0.0,152.4,0.0,stomp,0
1.417,1.604,9.852,0.032,260.24,20.0,359.2,72.2,0.577,0.002,1.803,0.0,84.6,0.0,jumping,0
1.011,0.002,1.015,1.005,0.35,0.11,1.4,0.2,0.002,0.002,0.003,0.0,0.8,0.0,standing,0
0.986,0.002,0.992,0.981,0.4,0.12,2.7,0.4,0.002,0.002,0.004,0.0,0.7,0.0,sitting,0
10.719,6.14,22.627,1.317,614.09,147.07,2000.0,573.3,5.749,0.002,8.73,0.0,865.4,0.0,repeated_kick,1
2.998,0.586,3.776,1.653,39.78,12.72,449.8,138.8,0.976,0.002,2.153,0.0,324.4,0.0,walking,0
0.993,0.002,0.999,0.988,0.39,0.11,3.3,0.9,0.002,0.002,0.009,0.0,1.5,0.0,sitting,0
1.904,0.6,2.857,0.891,41.6,23.94,195.4,59.7,0.538,0.002,1.692,0.0,138.1,0.0,shake_leg,0
0.997,0.002,1.001,0.991,0.34,0.11,1.4,0.2,0.002,0.002,0.005,0.0,0.6,0.0,standing,0
1.016,0.002,1.021,1.013,0.32,0.11,1.7,0.1,0.002,0.002,0.003,0.0,0.7,0.0,standing,0
13.918,3.791,19.094,4.733,358.89,107.65,1542.1,475.1,5.705,0.002,8.967,0.0,1073.0,0.0,running,0
10.648,6.145,22.627,1.073,579.02,141.81,2000.0,578.7,5.832,0.002,8.602,0.0,878.4,0.0,repeated_kick,1
1.003,0.002,1.009,0.999,0.38,0.11,1.1,0.1,0.002,0.002,0.006,0.0,0.4,0.0,standing,0
2.588,3.18,16.115,0.975,364.83,30.06,1557.0,269.5,1.54,0.002,3.48,0.0,293.7,0.0,soft_kick,0
2.852,0.527,3.558,1.37,49.19,11.59,432.6,132.5,1.024,0.002,1.941,0.0,305.8,0.0,walking,0
2.028,0.681,3.109,0.867,50.7,28.33,208.7,63.3,0.602,0.002,1.872,0.0,146.7,0.0,shake_leg,0
3.45,5.179,22.627,0.986,464.75,37.14,2000.0,420.9,3.733,0.002,4.383,0.0,455.6,0.0,hard_kick,0
1.381,1.602,9.928,0.021,269.43,19.57,355.7,72.8,0.547,0.002,1.813,0.0,85.0,0.0,jumping,0
10.55,6.267,22.627,0.985,610.82,143.53,2000.0,596.8,5.826,0.002,8.615,0.0,885.9,0.0,repeated_kick,1
1.488,0.364,2.137,0.955,21.12,10.24,155.3,47.7,0.362,0.002,1.159,0.0,109.9,0.0,shake_leg,0
1.366,1.66,9.674,0.004,249.37,20.89,360.1,72.1,0.685,0.002,1.797,0.0,84.6,0.0,jumping,0
11.331,3.532,16.032,3.793,283.77,96.52,1283.2,397.5,5.185,0.002,7.25,0.0,891.1,0.0,running,0
1.36,1.565,8.633,0.024,235.23,19.56,354.7,73.2,0.629,0.002,1.728,0.0,84.7,0.0,jumping,0
3.439,5.144,22.627,0.981,550.04,34.55,2000.0,417.3,3.757,0.002,4.296,0.0,450.3,0.0,hard_kick,0
2.099,0.755,3.293,0.852,57.64,31.78,217.6,68.2,0.635,0.002,1.972,0.0,153.0,0.0,shake_leg,0
1.16,0.66,5.21,0.389,106.11,6.84,923.1,122.9,0.468,0.002,0.749,0.0,131.1,0.0,stomp,0
2.573,3.159,16.09,0.994,414.53,29.67,1639.8,287.7,1.552,0.002,3.439,0.0,312.7,0.0,soft_kick,0
1.194,0.696,5.511,0.395,133.26,7.36,1242.1,142.2,0.469,0.002,0.806,0.0,149.7,0.0,stomp,0
1.149,0.662,5.132,0.36,102.54,6.92,748.9,106.4,0.469,0.002,0.751,0.0,114.7,0.0,stomp,0
1.018,0.002,1.023,1.013,0.37,0.11,2.8,0.6,0.002,0.002,0.008,0.0,1.5,0.0,sitting,0
3.491,5.238,22.627,0.999,590.2,41.0,2000.0,397.6,3.683,0.002,4.522,0.0,429.3,0.0,hard_kick,0
12.194,3.71,16.228,4.003,296.06,98.04,1344.3,427.3,5.429,0.002,7.924,0.0,955.7,0.0,running,0
11.677,3.551,16.05,3.465,228.94,99.43,1302.4,398.7,5.092,0.002,7.466,0.0,930.0,0.0,running,0
3.41,0.705,4.301,1.415,52.39,15.93,487.1,150.9,1.158,0.002,2.482,0.0,342.6,0.0,walking,0
1.164,0.655,5.116,0.414,102.67,6.78,787.2,109.8,0.469,0.002,0.749,0.0,118.3,0.0,stomp,0
2.985,0.541,3.687,1.608,45.64,12.13,443.9,136.9,1.058,0.002,2.05,0.0,318.1,0.0,walking,0
8.394,6.643,22.627,1.008,609.25,110.76,2000.0,580.7,5.515,0.002,7.558,0.0,760.8,0.0,repeated_kick,1
1.361,1.632,9.158,0.022,249.84,20.12,350.0,73.2,0.69,0.002,1.769,0.0,84.8,0.0,jumping,0
3.438,5.159,22.627,0.981,535.22,33.76,2000.0,425.1,3.769,0.002,4.308,0.0,459.2,0.0,hard_kick,0
0.976,0.002,0.981,0.972,0.31,0.11,2.7,0.6,0.002,0.002,0.007,0.0,1.3,0.0,sitting,0
1.187,0.687,5.007,0.391,107.16,7.35,652.9,91.3,0.473,0.002,0.802,0.0,99.5,0.0,stomp,0
10.549,6.314,22.627,1.019,610.41,151.29,2000.0,571.2,5.715,0.002,8.64,0.0,849.1,0.0,repeated_kick,1
1.187,0.693,5.523,0.384,132.43,7.2,1273.4,148.3,0.467,0.002,0.798,0.0,155.7,0.0,stomp,0
1.382,1.639,9.889,0.016,268.53,20.11,355.3,73.0,0.608,0.002,1.823,0.0,85.2,0.0,jumping,0
8.423,6.648,22.627,0.991,594.08,117.91,2000.0,557.1,5.458,0.002,7.652,0.0,731.6,0.0,repeated_kick,1
3.501,5.259,22.627,0.997,614.31,41.59,2000.0,385.8,3.66,0.002,4.574,0.0,413.9,0.0,hard_kick,0
3.19,0.669,4.006,1.005,57.79,14.37,468.2,143.4,1.084,0.002,2.333,0.0,323.2,0.0,walking,0
1.22,0.691,5.528,0.413,133.13,7.23,1257.4,144.9,0.468,0.002,0.803,0.0,152.3,0.0,stomp,0
14.017,3.693,18.818,4.771,339.53,108.2,1516.4,456.6,5.596,0.002,8.934,0.0,1093.3,0.0,running,0
11.316,3.59,16.034,3.363,211.98,97.33,1283.3,394.1,5.075,0.002,7.198,0.0,921.7,0.0,running,0
2.744,0.561,3.528,1.223,49.85,11.49,429.8,131.7,0.904,0.002,1.958,0.0,303.0,0.0,walking,0
0.99,0.002,0.996,0.985,0.47,0.12,2.5,0.7,0.002,0.002,0.006,0.0,1.1,0.0,sitting,0
3.413,0.675,4.197,0.921,77.07,15.09,480.2,148.8,1.2,0.002,2.502,0.0,340.9,0.0,walking,0
1.397,1.538,9.326,0.017,254.57,18.73,348.9,72.9,0.55,0.002,1.749,0.0,84.8,0.0,jumping,0
1.508,0.385,2.192,0.954,20.99,11.15,158.5,47.7,0.378,0.002,1.202,0.0,114.3,0.0,shake_leg,0
1.003,0.002,1.009,0.997,0.33,0.11,1.6,0.2,0.002,0.002,0.004,0.0,0.7,0.0,sitting,0
2.708,0.496,3.44,1.224,53.05,10.59,418.8,128.1,0.95,0.002,1.816,0.0,291.9,0.0,walking,0
12.232,3.82,16.272,3.903,267.72,99.96,1383.8,421.5,5.271,0.002,8.024,0.0,976.4,0.0,running,0
1.243,0.232,1.687,0.938,13.9,5.03,128.8,39.0,0.257,0.002,0.833,0.0,90.9,0.0,shake_leg,0
1.414,1.609,9.962,0.024,267.32,20.05,357.9,72.3,0.556,0.002,1.819,0.0,84.6,0.0,jumping,0
1.504,0.38,2.16,0.891,23.79,12.35,160.3,50.7,0.383,0.002,1.216,0.0,111.6,0.0,shake_leg,0
10.627,6.173,22.627,1.041,607.29,148.85,2000.0,565.5,5.716,0.002,8.608,0.0,845.4,0.0,repeated_kick,1
1.166,0.699,5.547,0.335,131.47,7.27,1277.3,149.6,0.467,0.002,0.796,0.0,156.9,0.0,stomp,0
1.347,1.597,9.044,0.018,196.85,20.22,362.8,72.4,0.677,0.002,1.732,0.0,84.7,0.0,jumping,0
0.962,0.002,0.967,0.957,0.38,0.1,2.6,0.7,0.002,0.002,0.008,0.0,1.3,0.0,sitting,0
3.465,5.14,22.627,1.01,562.84,35.78,2000.0,405.5,3.746,0.002,4.303,0.0,437.4,0.0,hard_kick,0
3.46,5.159,22.627,1.006,511.76,34.09,2000.0,426.2,3.759,0.002,4.327,0.0,460.5,0.0,hard_kick,0
13.73,3.812,18.695,4.744,341.21,107.07,1514.3,460.5,5.586,0.002,8.859,0.0,1064.5,0.0,running,0
12.963,3.699,16.542,3.979,326.53,98.62,1408.7,428.9,5.728,0.002,8.218,0.0,999.6,0.0,running,0
2.591,3.17,16.109,0.989,378.88,29.91,1587.2,275.3,1.543,0.002,3.467,0.0,299.7,0.0,soft_kick,0
3.428,5.171,22.627,0.955,571.0,37.14,2000.0,391.7,3.756,0.002,4.326,0.0,423.6,0.0,hard_kick,0
10.572,6.147,22.627,1.32,570.91,135.15,2000.0,589.7,5.817,0.002,8.494,0.0,895.0,0.0,repeated_kick,1
1.376,1.626,9.422,0.021,257.75,19.69,350.1,72.7,0.645,0.002,1.786,0.0,84.7,0.0,jumping,0
8.423,6.643,22.627,0.975,591.59,120.3,2000.0,557.2,5.414,0.002,7.724,0.0,727.2,0.0,repeated_kick,1
1.17,0.696,5.53,0.353,131.23,7.23,1278.5,150.1,0.467,0.002,0.795,0.0,157.3,0.0,stomp,0
1.372,1.529,8.691,0.019,236.98,19.17,355.0,73.1,0.581,0.002,1.717,0.0,84.5,0.0,jumping,0
1.377,1.584,9.494,0.015,258.77,19.28,350.0,73.2,0.596,0.002,1.773,0.0,85.3,0.0,jumping,0
1.165,0.675,5.387,0.352,111.6,6.94,1132.2,142.4,0.466,0.002,0.761,0.0,150.5,0.0,stomp,0
1.2,0.672,4.912,0.408,100.69,7.01,422.1,80.8,0.472,0.002,0.784,0.0,89.7,0.0,stomp,0
2.577,0.501,3.318,1.162,40.53,9.84,408.1,127.1,0.917,0.002,1.759,0.0,285.0,0.0,walking,0
2.606,3.193,16.129,0.979,341.71,30.56,1496.2,259.0,1.533,0.002,3.505,0.0,282.4,0.0,soft_kick,0
1.021,0.002,1.027,1.016,0.43,0.13,1.5,0.2,0.002,0.002,0.004,0.0,0.7,0.0,sitting,0
2.57,3.166,16.097,0.978,397.87,29.85,1620.7,282.5,1.548,0.002,3.451,0.0,307.2,0.0,soft_kick,0
2.627,3.218,16.151,0.987,349.54,31.03,1385.4,244.3,1.523,0.002,3.545,0.0,265.7,0.0,soft_kick,0
1.191,0.7,5.303,0.356,116.79,7.72,912.7,108.5,0.472,0.002,0.814,0.0,115.5,0.0,stomp,0
2.871,0.604,3.669,0.967,58.29,12.54,442.1,134.4,0.963,0.002,2.062,0.0,309.9,0.0,walking,0
11.447,3.594,16.052,3.649,225.11,94.86,1294.4,400.7,5.116,0.002,7.299,0.0,899.0,0.0,running,0
10.598,6.152,22.627,1.05,570.2,139.5,2000.0,583.0,5.822,0.002,8.557,0.0,888.0,0.0,repeated_kick,1
2.569,3.199,16.037,0.999,539.18,29.89,1334.3,269.6,1.561,0.002,3.467,0.0,292.5,0.0,soft_kick,0
2.587,3.208,15.51,0.993,548.34,29.86,1202.7,230.8,1.549,0.002,3.493,0.0,253.2,0.0,soft_kick,0
1.372,1.636,9.522,0.033,239.91,21.0,362.9,72.6,0.683,0.002,1.777,0.0,85.1,0.0,jumping,0
1.191,0.674,4.902,0.406,100.69,7.03,413.8,81.2,0.472,0.002,0.786,0.0,90.0,0.0,stomp,0
0.987,0.002,0.994,0.981,0.46,0.1,2.2,0.4,0.002,0.002,0.005,0.0,1.2,0.0,standing,0
8.451,6.711,22.627,1.009,614.27,119.13,2000.0,572.6,5.479,0.002,7.747,0.0,750.4,0.0,repeated_kick,1
1.027,0.002,1.032,1.022,0.41,0.12,1.8,0.2,0.002,0.002,0.002,0.0,0.6,0.0,standing,0
1.946,0.627,2.984,0.891,45.78,25.86,202.0,61.8,0.571,0.002,1.778,0.0,144.1,0.0,shake_leg,0
3.312,0.68,4.137,1.588,45.64,15.05,477.0,144.8,1.111,0.002,2.385,0.0,340.6,0.0,walking,0
1.394,1.656,9.924,0.026,265.14,20.37,357.2,72.4,0.628,0.002,1.829,0.0,84.8,0.0,jumping,0
0.995,0.002,0.999,0.989,0.46,0.11,2.3,0.5,0.002,0.002,0.005,0.0,1.3,0.0,standing,0
1.186,0.657,5.087,0.395,100.39,6.89,641.9,96.9,0.47,0.002,0.754,0.0,105.5,0.0,stomp,0
1.165,0.66,5.227,0.397,106.45,6.83,949.6,125.4,0.468,0.002,0.75,0.0,133.6,0.0,stomp,0
12.251,3.652,16.175,3.652,283.92,98.97,1342.6,407.4,5.313,0.002,7.662,0.0,948.3,0.0,running,0
1.189,0.664,5.33,0.427,108.37,6.79,1113.5,140.5,0.466,0.002,0.759,0.0,148.8,0.0,stomp,0
3.505,5.187,22.627,1.015,588.95,41.21,2000.0,373.9,3.616,0.002,4.519,0.0,402.1,0.0,hard_kick,0
8.344,6.633,22.627,0.991,561.05,107.25,2000.0,591.7,5.562,0.002,7.485,0.0,783.9,0.0,repeated_kick,1
2.593,3.164,16.104,0.993,391.29,29.84,1609.7,280.0,1.547,0.002,3.457,0.0,304.7,0.0,soft_kick,0
1.514,0.4,2.22,0.875,25.59,12.77,162.2,49.9,0.388,0.002,1.238,0.0,115.3,0.0,shake_leg,0
1.181,0.693,5.524,0.373,131.17,7.19,1277.2,150.0,0.467,0.002,0.794,0.0,157.6,0.0,stomp,0
2.574,3.178,16.109,0.966,373.62,29.98,1575.7,273.0,1.542,0.002,3.472,0.0,297.6,0.0,soft_kick,0
1.603,0.453,2.397,0.909,27.29,14.79,172.7,53.0,0.434,0.002,1.359,0.0,123.1,0.0,shake_leg,0
1.349,1.526,8.412,0.038,237.28,19.47,357.0,73.2,0.592,0.002,1.709,0.0,84.9,0.0,jumping,0
2.557,0.552,3.327,0.889,47.36,9.99,410.8,127.0,0.863,0.002,1.802,0.0,284.9,0.0,walking,0
0.996,0.002,1.0,0.991,0.35,0.11,2.3,0.6,0.002,0.002,0.004,0.0,1.5,0.0,standing,0
8.343,6.656,22.627,0.99,485.15,107.45,2000.0,596.9,5.576,0.002,7.517,0.0,793.8,0.0,repeated_kick,1
3.215,0.615,3.938,1.266,56.53,13.7,463.2,141.5,1.144,0.002,2.261,0.0,334.2,0.0,walking,0
3.453,5.14,22.627,0.995,557.05,35.04,2000.0,412.3,3.751,0.002,4.298,0.0,445.1,0.0,hard_kick,0
10.609,6.225,22.627,0.995,586.1,142.06,2000.0,588.3,5.854,0.002,8.644,0.0,894.2,0.0,repeated_kick,1
1.002,0.002,1.008,0.997,0.3,0.11,2.7,0.7,0.002,0.002,0.009,0.0,1.5,0.0,sitting,0
3.149,0.618,3.86,1.019,66.92,13.73,457.0,139.4,1.135,0.002,2.235,0.0,320.9,0.0,walking,0
10.6,6.107,22.627,1.063,573.23,136.26,2000.0,578.4,5.765,0.002,8.487,0.0,875.9,0.0,repeated_kick,1
2.693,0.518,3.415,0.833,55.7,10.37,416.0,127.1,0.919,0.002,1.82,0.0,296.2,0.0,walking,0
1.374,1.669,9.582,0.015,262.21,20.15,353.7,73.0,0.69,0.002,1.81,0.0,85.0,0.0,jumping,0
10.627,6.239,22.627,1.005,610.75,151.95,2000.0,569.3,5.677,0.002,8.748,0.0,844.6,0.0,repeated_kick,1
2.572,3.166,16.098,0.977,398.06,29.84,1620.1,282.4,1.548,0.002,3.452,0.0,307.0,0.0,soft_kick,0
11.826,3.569,16.053,3.465,273.35,100.91,1307.1,398.6,5.199,0.002,7.379,0.0,930.4,0.0,running,0
0.983,0.003,0.99,0.976,0.39,0.12,2.5,0.4,0.002,0.002,0.007,0.0,1.4,0.0,sitting,0
2.589,3.192,16.123,0.965,347.07,30.49,1514.1,261.8,1.535,0.002,3.498,0.0,285.6,0.0,soft_kick,0
0.986,0.002,0.991,0.982,0.38,0.09,0.7,0.1,0.002,0.002,0.004,0.0,0.2,0.0,standing,0
1.487,0.373,2.144,0.939,20.03,10.82,157.3,48.4,0.367,0.002,1.17,0.0,111.9,0.0,shake_leg,0
10.593,6.096,22.627,1.156,564.64,137.25,2000.0,585.7,5.782,0.002,8.498,0.0,887.6,0.0,repeated_kick,1
2.487,3.188,16.05,0.401,488.92,29.59,1588.1,292.2,1.562,0.002,3.429,0.0,315.7,0.0,soft_kick,0
1.354,1.58,8.462,0.018,228.27,19.76,357.7,73.3,0.661,0.002,1.726,0.0,84.9,0.0,jumping,0
8.435,6.695,22.627,0.973,613.44,118.1,2000.0,568.4,5.465,0.002,7.722,0.0,735.6,0.0,repeated_kick,1
10.681,6.158,22.627,0.993,614.07,148.43,2000.0,585.2,5.737,0.002,8.735,0.0,862.7,0.0,repeated_kick,1
1.0,0.002,1.005,0.996,0.4,0.14,1.2,0.2,0.002,0.002,0.002,0.0,0.3,0.0,standing,0
11.29,3.506,16.039,3.288,262.0,98.37,1278.7,391.5,5.287,0.002,7.21,0.0,898.0,0.0,running,0
12.732,3.632,16.395,3.921,270.61,98.17,1385.1,421.6,5.541,0.002,7.987,0.0,970.6,0.0,running,0
2.824,0.591,3.63,1.011,58.67,12.29,437.0,132.4,0.938,0.002,2.023,0.0,308.7,0.0,walking,0
1.475,0.366,2.122,0.931,19.7,10.48,155.8,47.7,0.363,0.002,1.161,0.0,110.1,0.0,shake_leg,0
11.432,3.613,16.046,3.364,265.37,99.75,1291.6,398.9,5.088,0.002,7.465,0.0,902.5,0.0,running,0
1.009,0.002,1.014,1.004,0.46,0.12,1.9,0.1,0.002,0.002,0.006,0.0,0.4,0.0,standing,0
1.189,0.667,4.953,0.404,99.21,6.98,470.7,81.2,0.472,0.002,0.774,0.0,89.6,0.0,stomp,0
13.474,3.888,18.03,2.585,324.14,100.07,1482.2,454.7,5.68,0.002,8.638,0.0,1044.6,0.0,running,0
2.604,3.207,15.565,1.015,549.0,29.87,1203.9,231.3,1.549,0.002,3.494,0.0,253.7,0.0,soft_kick,0
1.005,0.002,1.01,0.999,0.49,0.12,1.1,0.1,0.002,0.002,0.002,0.0,0.4,0.0,standing,0
1.366,1.612,9.579,0.024,242.68,21.18,361.3,72.7,0.649,0.002,1.771,0.0,85.1,0.0,jumping,0
1.493,0.398,2.198,0.914,20.69,11.5,159.8,47.6,0.378,0.002,1.202,0.0,113.4,0.0,shake_leg,0
10.724,6.133,22.627,1.075,612.98,151.07,2000.0,576.2,5.704,0.002,8.747,0.0,847.0,0.0,repeated_kick,1
1.362,1.608,8.929,0.013,243.84,20.02,351.7,73.3,0.671,0.002,1.751,0.0,85.0,0.0,jumping,0
1.189,0.7,5.291,0.362,116.25,7.72,908.1,108.2,0.472,0.002,0.814,0.0,115.2,0.0,stomp,0
3.458,5.189,22.627,0.987,492.73,38.12,2000.0,417.9,3.723,0.002,4.408,0.0,452.2,0.0,hard_kick,0
2.144,0.739,3.311,0.876,57.46,32.34,217.8,66.8,0.64,0.002,1.994,0.0,153.5,0.0,shake_leg,0
1.39,1.66,9.79,0.03,254.94,20.9,359.9,72.9,0.68,0.002,1.808,0.0,85.3,0.0,jumping,0
8.413,6.699,22.627,0.984,609.22,115.17,2000.0,579.3,5.517,0.002,7.67,0.0,762.4,0.0,repeated_kick,1
1.201,0.674,4.89,0.418,101.4,7.01,410.4,82.1,0.473,0.002,0.788,0.0,90.8,0.0,stomp,0
2.797,0.518,3.525,1.219,54.07,11.19,425.6,130.8,0.996,0.002,1.861,0.0,299.0,0.0,walking,0
13.443,3.785,18.006,4.455,321.72,106.45,1480.2,454.4,5.663,0.002,8.61,0.0,1043.0,0.0,running,0
2.165,0.764,3.384,0.843,61.45,34.84,221.8,67.3,0.66,0.002,2.049,0.0,156.4,0.0,shake_leg,0
12.977,3.732,17.181,4.939,299.68,101.98,1439.3,445.0,5.539,0.002,8.55,0.0,1022.3,0.0,running,0
2.485,0.525,3.263,0.876,21.2,8.9,401.2,122.9,0.835,0.002,1.627,0.0,282.3,0.0,walking,0
1.01,0.002,1.016,1.004,0.39,0.11,2.0,0.5,0.002,0.002,0.008,0.0,1.3,0.0,sitting,0
1.034,0.002,1.04,1.03,0.4,0.11,1.8,0.4,0.002,0.002,0.003,0.0,0.9,0.0,standing,0
1.333,0.312,1.92,0.913,14.26,7.45,141.4,44.5,0.311,0.002,0.997,0.0,100.5,0.0,shake_leg,0
13.501,3.798,17.941,3.935,318.53,99.73,1476.2,451.6,5.671,0.002,8.632,0.0,1043.4,0.0,running,0
1.001,0.002,1.006,0.996,0.37,0.12,1.4,0.3,0.002,0.002,0.006,0.0,0.5,0.0,standing,0
1.206,0.69,5.116,0.381,109.64,7.46,727.6,95.7,0.473,0.002,0.806,0.0,103.6,0.0,stomp,0
1.19,0.673,5.405,0.395,113.16,6.83,1180.6,146.4,0.465,0.002,0.766,0.0,154.5,0.0,stomp,0
2.459,0.548,3.265,0.736,38.47,8.84,400.5,124.1,0.84,0.002,1.657,0.0,275.6,0.0,walking,0
2.564,0.487,3.31,1.271,35.51,9.45,408.6,122.3,0.859,0.002,1.711,0.0,293.3,0.0,walking,0
1.221,0.693,5.254,0.396,114.25,7.59,870.0,105.1,0.472,0.002,0.813,0.0,112.4,0.0,stomp,0
12.976,3.909,17.343,2.994,304.08,95.96,1448.8,451.1,5.52,0.002,8.333,0.0,1018.1,0.0,running,0
2.21,0.769,3.366,0.871,60.45,34.8,221.3,67.8,0.664,0.002,2.065,0.0,156.9,0.0,shake_leg,0
0.982,0.002,0.988,0.977,0.33,0.11,2.5,0.5,0.002,0.002,0.003,0.0,0.6,0.0,standing,0
1.388,1.646,9.797,0.019,256.11,20.76,359.4,72.7,0.649,0.002,1.807,0.0,85.1,0.0,jumping,0
1.443,0.349,2.06,0.915,21.07,10.08,152.7,47.2,0.353,0.002,1.133,0.0,107.8,0.0,shake_leg,0
2.653,3.258,16.199,0.994,430.37,33.24,1204.7,227.6,1.517,0.002,3.597,0.0,247.8,0.0,soft_kick,0
1.374,1.506,8.79,0.007,228.65,20.0,361.0,73.5,0.576,0.002,1.697,0.0,85.6,0.0,jumping,0
2.573,3.156,16.083,1.01,431.63,29.38,1651.1,292.1,1.556,0.002,3.429,0.0,316.9,0.0,soft_kick,0
1.805,0.552,2.72,0.865,37.72,21.01,188.8,58.1,0.513,0.002,1.595,0.0,132.0,0.0,shake_leg,0
1.004,0.002,1.008,0.999,0.34,0.12,2.4,0.7,0.002,0.002,0.006,0.0,1.0,0.0,sitting,0
3.47,5.136,22.627,1.011,562.36,35.39,2000.0,408.8,3.747,0.002,4.301,0.0,441.1,0.0,hard_kick,0
11.556,3.477,16.113,4.216,236.27,96.53,1287.4,393.1,5.097,0.002,7.272,0.0,921.1,0.0,running,0
3.482,5.2,22.627,0.981,592.85,41.32,2000.0,373.9,3.622,0.002,4.526,0.0,402.1,0.0,hard_kick,0
1.506,0.403,2.219,0.909,22.41,11.93,161.8,50.3,0.385,0.002,1.227,0.0,112.7,0.0,shake_leg,0
1.179,0.7,5.534,0.361,133.43,7.4,1251.4,143.8,0.468,0.002,0.805,0.0,151.2,0.0,stomp,0
1.012,0.002,1.019,1.007,0.38,0.11,1.6,0.3,0.002,0.002,0.005,0.0,0.8,0.0,sitting,0
3.51,5.251,22.627,1.003,612.9,41.53,2000.0,383.3,3.648,0.002,4.576,0.0,410.3,0.0,hard_kick,0
3.483,5.245,22.627,0.988,596.49,41.14,2000.0,396.0,3.683,0.002,4.531,0.0,427.3,0.0,hard_kick,0
1.015,0.002,1.022,1.01,0.37,0.11,2.1,0.4,0.002,0.002,0.007,0.0,1.1,0.0,sitting,0
12.07,3.611,16.112,3.638,272.06,98.91,1329.2,411.5,5.201,0.002,7.748,0.0,943.3,0.0,running,0
8.415,6.647,22.627,0.995,607.05,115.19,2000.0,555.8,5.494,0.002,7.584,0.0,734.4,0.0,repeated_kick,1
1.208,0.654,5.092,0.418,100.09,6.85,639.0,96.9,0.47,0.002,0.754,0.0,105.2,0.0,stomp,0
2.6,3.176,16.116,0.992,365.53,29.97,1558.6,269.7,1.54,0.002,3.479,0.0,294.0,0.0,soft_kick,0
1.634,0.469,2.418,0.881,30.12,15.88,174.7,53.3,0.437,0.002,1.389,0.0,124.2,0.0,shake_leg,0
0.983,0.002,0.989,0.977,0.38,0.12,2.1,0.5,0.002,0.002,0.006,0.0,1.0,0.0,sitting,0
11.848,3.617,16.071,3.522,269.52,100.3,1316.8,409.2,5.144,0.002,7.691,0.0,933.3,0.0,running,0
3.489,5.248,22.627,0.994,603.21,41.24,2000.0,394.4,3.679,0.002,4.539,0.0,425.2,0.0,hard_kick,0
1.184,0.691,5.519,0.379,130.34,7.17,1278.8,150.9,0.466,0.002,0.792,0.0,158.1,0.0,stomp,0
13.013,3.76,17.393,4.192,306.54,103.99,1451.3,444.4,5.418,0.002,8.543,0.0,1017.1,0.0,running,0
13.028,3.839,17.164,4.387,295.53,102.93,1437.6,442.0,5.43,0.002,8.2,0.0,1023.5,0.0,running,0
1.607,0.464,2.428,0.886,28.47,15.25,173.8,53.1,0.442,0.002,1.375,0.0,122.2,0.0,shake_leg,0
13.37,3.694,17.507,4.341,306.6,98.12,1454.1,447.4,5.632,0.002,8.484,0.0,1035.6,0.0,running,0
2.015,0.675,3.093,0.87,49.93,27.94,208.0,63.6,0.596,0.002,1.86,0.0,146.1,0.0,shake_leg,0
1.793,0.532,2.68,0.894,36.04,20.39,187.1,57.8,0.502,0.002,1.575,0.0,133.2,0.0,shake_leg,0
0.979,0.002,0.984,0.975,0.3,0.09,2.7,0.4,0.002,0.002,0.005,0.0,1.1,0.0,standing,0
2.54,3.168,16.064,0.624,467.08,29.4,1631.1,294.8,1.561,0.002,3.423,0.0,318.9,0.0,soft_kick,0
1.699,0.489,2.568,0.9,32.51,17.78,180.9,56.4,0.471,0.002,1.466,0.0,127.1,0.0,shake_leg,0
1.376,1.694,9.974,0.022,266.99,20.84,357.6,73.2,0.682,0.002,1.843,0.0,85.5,0.0,jumping,0
13.382,3.713,17.53,4.313,308.58,98.11,1455.7,450.1,5.648,0.002,8.534,0.0,1036.1,0.0,running,0
1.198,0.698,5.271,0.373,115.4,7.68,895.4,107.3,0.473,0.002,0.814,0.0,114.3,0.0,stomp,0
2.843,0.572,3.583,1.001,56.0,11.53,434.4,134.4,0.998,0.002,1.943,0.0,302.9,0.0,walking,0
2.987,0.584,3.755,1.63,40.07,12.66,448.7,139.0,0.978,0.002,2.141,0.0,323.5,0.0,walking,0
10.702,6.105,22.627,1.232,608.3,145.18,2000.0,587.9,5.747,0.002,8.709,0.0,859.8,0.0,repeated_kick,1
1.549,0.407,2.255,0.897,23.75,13.25,164.8,50.6,0.397,0.002,1.27,0.0,117.0,0.0,shake_leg,0
1.19,0.654,5.124,0.411,101.7,6.83,748.4,106.2,0.47,0.002,0.75,0.0,114.7,0.0,stomp,0
13.584,4.271,18.623,1.614,351.34,100.06,1526.5,467.5,5.703,0.002,8.87,0.0,1073.8,0.0,running,0
0.973,0.002,0.978,0.968,0.36,0.12,1.1,0.2,0.002,0.002,0.005,0.0,0.6,0.0,standing,0
3.508,5.207,22.627,1.011,600.42,41.32,2000.0,375.7,3.624,0.002,4.541,0.0,403.0,0.0,hard_kick,0
3.431,5.177,22.627,0.967,468.75,36.07,2000.0,423.4,3.747,0.002,4.36,0.0,458.5,0.0,hard_kick,0
1.764,0.566,2.719,0.887,36.48,19.71,186.7,57.6,0.496,0.002,1.558,0.0,131.0,0.0,shake_leg,0
1.305,0.271,1.804,0.949,11.68,6.18,135.2,41.6,0.281,0.002,0.917,0.0,94.0,0.0,shake_leg,0
3.059,0.625,3.862,1.231,61.98,13.78,454.0,138.3,1.026,0.002,2.234,0.0,319.3,0.0,walking,0
8.483,6.692,22.627,0.994,612.95,124.11,2000.0,551.8,5.384,0.002,7.838,0.0,708.4,0.0,repeated_kick,1
12.675,3.687,16.426,4.036,271.6,97.39,1398.6,425.4,5.425,0.002,8.101,0.0,993.1,0.0,running,0
1.001,0.002,1.009,0.995,0.34,0.09,2.4,0.6,0.002,0.002,0.008,0.0,1.3,0.0,sitting,0
12.821,3.848,16.68,4.033,285.96,96.44,1415.1,431.1,5.409,0.002,8.137,0.0,1004.0,0.0,running,0
0.993,0.002,0.998,0.986,0.39,0.12,2.0,0.3,0.002,0.002,0.004,0.0,0.7,0.0,standing,0
3.505,5.198,22.627,1.015,592.57,41.31,2000.0,374.6,3.62,0.002,4.528,0.0,402.3,0.0,hard_kick,0
1.938,0.628,2.935,0.901,43.85,24.61,199.6,61.0,0.553,0.002,1.736,0.0,142.9,0.0,shake_leg,0
2.6,3.216,15.986,1.017,563.24,30.19,1219.7,248.9,1.555,0.002,3.497,0.0,271.4,0.0,soft_kick,0
1.882,0.598,2.847,0.878,41.19,23.03,194.8,59.5,0.532,0.002,1.677,0.0,136.9,0.0,shake_leg,0
1.019,0.002,1.024,1.015,0.41,0.1,3.0,0.8,0.002,0.002,0.008,0.0,1.4,0.0,sitting,0
1.364,1.656,9.447,0.015,258.1,20.13,351.0,72.6,0.689,0.002,1.795,0.0,84.5,0.0,jumping,0
1.181,0.693,5.531,0.355,129.75,7.2,1278.0,151.2,0.466,0.002,0.791,0.0,158.5,0.0,stomp,0
3.112,0.671,3.916,0.821,39.15,13.26,462.0,144.0,1.066,0.002,2.238,0.0,318.6,0.0,walking,0
1.001,0.002,1.006,0.995,0.3,0.1,1.6,0.2,0.002,0.002,0.005,0.0,0.9,0.0,sitting,0
8.422,6.663,22.627,0.998,608.3,117.26,2000.0,567.8,5.471,0.002,7.663,0.0,740.9,0.0,repeated_kick,1
0.983,0.002,0.991,0.979,0.31,0.1,2.5,0.5,0.002,0.002,0.003,0.0,0.6,0.0,standing,0
1.939,0.629,2.945,0.878,44.8,25.08,200.5,61.4,0.558,0.002,1.754,0.0,143.3,0.0,shake_leg,0
0.985,0.002,0.992,0.978,0.42,0.1,1.8,0.1,0.002,0.002,0.003,0.0,0.4,0.0,standing,0
1.788,0.55,2.719,0.903,36.57,20.34,187.7,57.5,0.503,0.002,1.58,0.0,133.7,0.0,shake_leg,0
10.669,6.175,22.627,1.103,613.54,148.21,2000.0,576.6,5.731,0.002,8.714,0.0,855.9,0.0,repeated_kick,1
1.018,0.002,1.023,1.012,0.4,0.11,2.4,0.4,0.002,0.002,0.006,0.0,1.2,0.0,standing,0
1.007,0.002,1.012,1.002,0.35,0.11,2.6,0.6,0.002,0.002,0.004,0.0,1.6,0.0,standing,0
1.391,1.564,9.398,0.008,256.6,19.29,350.0,73.4,0.574,0.002,1.762,0.0,85.2,0.0,jumping,0
2.549,3.195,16.039,0.983,528.28,29.79,1411.1,276.1,1.562,0.002,3.455,0.0,299.3,0.0,soft_kick,0
1.01,0.002,1.02,1.006,0.5,0.11,1.4,0.3,0.002,0.002,0.004,0.0,0.7,0.0,sitting,0
11.691,3.554,16.05,3.474,248.33,99.92,1302.2,400.8,5.126,0.002,7.309,0.0,918.1,0.0,running,0
3.053,0.641,3.846,1.068,64.94,14.04,455.9,141.4,1.054,0.002,2.238,0.0,315.2,0.0,walking,0
0.996,0.002,1.001,0.99,0.52,0.09,3.2,0.9,0.002,0.002,0.009,0.0,1.4,0.0,sitting,0
8.414,6.678,22.627,0.971,611.64,117.13,2000.0,568.9,5.488,0.002,7.665,0.0,744.9,0.0,repeated_kick,1
13.241,3.943,17.732,1.594,314.48,99.78,1466.2,446.4,5.633,0.002,8.391,0.0,1037.6,0.0,running,0
3.451,5.161,22.627,0.995,531.61,33.69,2000.0,425.9,3.77,0.002,4.314,0.0,460.1,0.0,hard_kick,0
10.577,6.24,22.627,1.005,571.29,148.22,2000.0,571.5,5.77,0.002,8.632,0.0,879.5,0.0,repeated_kick,1
8.384,6.654,22.627,0.986,601.78,110.94,2000.0,579.0,5.528,0.002,7.563,0.0,761.4,0.0,repeated_kick,1
3.417,0.701,4.286,1.456,63.54,16.22,487.2,149.9,1.18,0.002,2.499,0.0,342.0,0.0,walking,0
1.262,0.245,1.717,0.934,12.95,5.31,130.4,40.0,0.261,0.002,0.859,0.0,92.1,0.0,shake_leg,0
8.395,6.659,22.627,1.004,577.04,113.03,2000.0,582.9,5.523,0.002,7.601,0.0,770.8,0.0,repeated_kick,1
1.005,0.002,1.012,0.999,0.42,0.11,2.9,0.9,0.002,0.002,0.006,0.0,1.2,0.0,sitting,0
3.483,5.196,22.627,0.984,589.87,41.3,2000.0,374.0,3.621,0.002,4.521,0.0,402.1,0.0,hard_kick,0
12.062,3.849,16.286,3.809,262.8,99.55,1371.0,415.1,5.229,0.002,7.893,0.0,965.5,0.0,running,0
2.591,3.207,15.52,0.999,547.57,29.85,1202.8,230.6,1.548,0.002,3.493,0.0,252.8,0.0,soft_kick,0
1.396,1.564,8.982,0.027,244.58,19.3,351.9,73.1,0.611,0.002,1.741,0.0,84.7,0.0,jumping,0
10.499,6.272,22.627,0.988,609.39,142.8,2000.0,576.3,5.74,0.002,8.524,0.0,854.5,0.0,repeated_kick,1
0.993,0.002,0.997,0.989,0.27,0.09,2.3,0.5,0.002,0.002,0.007,0.0,0.7,0.0,standing,0
2.101,0.705,3.206,0.865,54.96,31.19,214.8,66.6,0.634,0.002,1.965,0.0,151.1,0.0,shake_leg,0
1.202,0.7,5.528,0.363,132.57,7.52,1201.2,136.2,0.469,0.002,0.811,0.0,143.6,0.0,stomp,0
2.508,0.456,3.227,1.385,36.46,9.18,398.0,120.8,0.854,0.002,1.602,0.0,282.8,0.0,walking,0
2.543,3.189,16.044,0.807,516.93,29.77,1479.1,282.4,1.562,0.002,3.446,0.0,305.7,0.0,soft_kick,0
0.985,0.002,0.992,0.98,0.35,0.12,1.9,0.2,0.002,0.002,0.004,0.0,0.7,0.0,sitting,0
0.969,0.002,0.974,0.962,0.47,0.13,2.9,0.7,0.002,0.002,0.008,0.0,1.3,0.0,sitting,0
1.276,0.265,1.77,0.928,11.08,5.69,132.9,40.5,0.269,0.002,0.88,0.0,94.3,0.0,shake_leg,0
8.402,6.651,22.627,0.968,608.81,113.89,2000.0,566.4,5.482,0.002,7.604,0.0,735.0,0.0,repeated_kick,1
1.187,0.701,5.302,0.365,117.28,7.72,922.1,109.1,0.473,0.002,0.814,0.0,116.2,0.0,stomp,0
1.327,0.277,1.824,0.938,17.07,6.72,136.3,42.1,0.284,0.002,0.932,0.0,95.6,0.0,shake_leg,0
3.516,5.252,22.627,1.018,613.89,41.47,2000.0,389.3,3.666,0.002,4.56,0.0,418.9,0.0,hard_kick,0
13.644,3.85,18.653,4.523,340.83,104.93,1512.2,460.8,5.842,0.002,8.737,0.0,1070.3,0.0,running,0
12.461,3.68,16.198,4.457,281.88,96.62,1349.6,432.2,5.349,0.002,7.84,0.0,954.4,0.0,running,0
0.997,0.002,1.001,0.99,0.38,0.12,1.7,0.4,0.002,0.002,0.006,0.0,1.0,0.0,sitting,0
2.908,0.591,3.633,0.751,61.8,11.8,437.7,136.6,1.004,0.002,2.019,0.0,304.3,0.0,walking,0
3.484,5.254,22.627,0.977,610.98,41.61,2000.0,382.6,3.65,0.002,4.573,0.0,409.3,0.0,hard_kick,0
3.302,0.672,4.119,1.462,51.29,15.08,476.9,143.2,1.122,0.002,2.404,0.0,342.0,0.0,walking,0
1.185,0.702,5.465,0.368,129.68,7.63,1128.2,127.7,0.471,0.002,0.814,0.0,135.0,0.0,stomp,0
1.18,0.699,5.242,0.371,114.09,7.67,871.5,105.4,0.472,0.002,0.813,0.0,112.6,0.0,stomp,0
13.849,3.842,19.054,4.872,356.43,104.7,1540.7,469.9,5.614,0.002,8.882,0.0,1102.0,0.0,running,0
1.023,0.002,1.028,1.019,0.36,0.11,1.3,0.2,0.002,0.002,0.006,0.0,0.3,0.0,standing,0
1.173,0.673,5.386,0.378,110.64,6.89,1150.2,143.8,0.466,0.002,0.763,0.0,152.0,0.0,stomp,0
1.005,0.002,1.009,0.998,0.34,0.12,1.4,0.2,0.002,0.002,0.006,0.0,0.3,0.0,standing,0
11.7,3.579,16.059,3.515,230.92,99.31,1307.0,410.4,5.123,0.002,7.331,0.0,917.4,0.0,running,0
3.412,0.722,4.253,1.516,68.86,15.5,484.5,147.9,1.218,0.002,2.528,0.0,339.3,0.0,walking,0
1.188,0.702,5.449,0.377,128.75,7.63,1108.4,125.5,0.471,0.002,0.814,0.0,132.9,0.0,stomp,0
1.929,0.648,2.971,0.849,45.8,25.39,201.8,61.6,0.558,0.002,1.753,0.0,143.5,0.0,shake_leg,0
0.982,0.002,0.987,0.977,0.35,0.09,1.5,0.1,0.002,0.002,0.004,0.0,0.7,0.0,sitting,0
1.385,1.608,9.817,0.017,259.76,20.53,358.6,72.9,0.59,0.002,1.799,0.0,85.4,0.0,jumping,0
0.985,0.002,0.991,0.979,0.4,0.11,2.9,0.7,0.002,0.002,0.009,0.0,1.5,0.0,sitting,0
3.453,5.157,22.627,0.988,570.88,36.74,2000.0,394.9,3.75,0.002,4.319,0.0,427.0,0.0,hard_kick,0
1.012,0.002,1.016,1.005,0.37,0.12,2.0,0.4,0.002,0.002,0.006,0.0,1.1,0.0,sitting,0
1.301,0.283,1.833,0.924,12.7,6.6,138.0,42.5,0.291,0.002,0.939,0.0,96.8,0.0,shake_leg,0
1.003,0.002,1.009,0.996,0.47,0.11,2.1,0.4,0.002,0.002,0.008,0.0,1.3,0.0,sitting,0
1.17,0.673,5.385,0.377,110.59,6.89,1158.8,144.7,0.465,0.002,0.763,0.0,152.7,0.0,stomp,0
1.013,0.002,1.019,1.007,0.38,0.12,1.6,0.3,0.002,0.002,0.005,0.0,0.9,0.0,sitting,0
13.317,3.83,17.849,4.337,321.03,107.45,1471.7,455.2,5.544,0.002,8.775,0.0,1043.6,0.0,running,0
3.461,5.181,22.627,0.984,574.56,37.98,2000.0,383.3,3.749,0.002,4.352,0.0,414.4,0.0,hard_kick,0
1.213,0.699,5.409,0.382,124.71,7.67,1038.0,118.8,0.472,0.002,0.815,0.0,125.9,0.0,stomp,0
3.503,5.215,22.627,1.006,601.94,41.36,2000.0,376.8,3.627,0.002,4.545,0.0,403.7,0.0,hard_kick,0
1.023,0.002,1.027,1.017,0.3,0.1,2.5,0.8,0.002,0.002,0.005,0.0,0.9,0.0,sitting,0
2.658,3.239,16.179,1.007,390.88,32.36,1248.7,233.6,1.517,0.002,3.58,0.0,252.2,0.0,soft_kick,0
0.964,0.002,0.969,0.959,0.41,0.11,1.6,0.4,0.002,0.002,0.005,0.0,0.9,0.0,sitting,0
1.374,1.548,8.992,0.012,200.89,20.08,360.7,72.4,0.616,0.002,1.716,0.0,84.9,0.0,jumping,0
3.297,0.69,4.153,1.381,40.37,15.17,477.6,149.6,1.111,0.002,2.383,0.0,338.3,0.0,walking,0
2.576,3.219,15.843,0.985,561.62,30.18,1218.3,245.5,1.554,0.002,3.497,0.0,268.2,0.0,soft_kick,0
8.354,6.626,22.627,0.986,575.7,106.53,2000.0,581.2,5.554,0.002,7.465,0.0,766.8,0.0,repeated_kick,1
3.441,5.147,22.627,0.979,564.7,35.9,2000.0,404.1,3.75,0.002,4.306,0.0,436.1,0.0,hard_kick,0
1.013,0.003,1.02,1.007,0.36,0.11,2.6,0.4,0.002,0.002,0.007,0.0,1.3,0.0,sitting,0
1.003,0.002,1.007,0.998,0.39,0.1,1.6,0.3,0.002,0.002,0.004,0.0,0.4,0.0,standing,0
2.611,3.223,16.15,0.968,349.96,31.16,1378.7,243.5,1.523,0.002,3.548,0.0,264.8,0.0,soft_kick,0
2.257,0.814,3.512,0.855,65.18,36.66,227.5,69.1,0.682,0.002,2.128,0.0,161.9,0.0,shake_leg,0
2.921,0.627,3.724,0.861,61.66,12.99,445.7,138.5,1.017,0.002,2.103,0.0,308.7,0.0,walking,0
2.505,3.181,16.055,0.433,479.84,29.55,1606.4,293.5,1.562,0.002,3.424,0.0,317.2,0.0,soft_kick,0
0.985,0.002,0.991,0.981,0.47,0.1,1.6,0.3,0.002,0.002,0.003,0.0,0.9,0.0,standing,0
11.38,3.532,16.03,4.057,284.96,95.26,1286.2,397.3,5.211,0.002,7.295,0.0,893.4,0.0,running,0
0.988,0.002,0.994,0.983,0.47,0.12,1.5,0.4,0.002,0.002,0.003,0.0,0.9,0.0,standing,0
1.172,0.656,5.053,0.412,100.29,6.89,639.3,96.6,0.47,0.002,0.755,0.0,105.3,0.0,stomp,0
13.671,3.891,18.644,4.561,340.33,105.52,1511.8,466.0,5.781,0.002,8.767,0.0,1081.5,0.0,running,0
1.185,0.704,5.322,0.328,116.55,7.8,913.0,108.6,0.472,0.002,0.814,0.0,115.5,0.0,stomp,0
3.427,5.156,22.627,0.97,538.06,33.81,2000.0,424.6,3.767,0.002,4.302,0.0,458.3,0.0,hard_kick,0
1.184,0.7,5.46,0.384,130.59,7.59,1146.2,129.5,0.47,0.002,0.813,0.0,137.1,0.0,stomp,0
11.863,3.621,16.096,3.577,240.19,98.23,1327.2,411.5,5.362,0.002,7.652,0.0,943.0,0.0,running,0
1.37,0.316,1.968,0.928,15.94,8.13,146.9,45.0,0.327,0.002,1.039,0.0,105.2,0.0,shake_leg,0
3.463,5.219,22.627,0.984,550.04,40.01,2000.0,407.3,3.703,0.002,4.473,0.0,440.9,0.0,hard_kick,0
1.211,0.695,5.26,0.379,114.34,7.64,874.2,105.7,0.472,0.002,0.813,0.0,112.8,0.0,stomp,0
13.71,3.747,18.61,4.553,338.77,108.66,1510.4,464.5,5.56,0.002,8.877,0.0,1079.7,0.0,running,0
13.606,3.81,18.467,4.524,334.02,106.33,1500.8,472.4,5.707,0.002,8.709,0.0,1049.4,0.0,running,0
1.175,0.674,5.396,0.375,111.53,6.89,1164.8,145.2,0.466,0.002,0.764,0.0,153.2,0.0,stomp,0
0.996,0.002,1.003,0.99,0.33,0.11,3.7,1.1,0.002,0.002,0.01,0.0,1.5,0.0,sitting,0
0.977,0.002,0.983,0.968,0.43,0.11,1.3,0.2,0.002,0.002,0.006,0.0,0.6,0.0,standing,0
2.611,3.205,15.495,1.023,551.5,29.78,1207.0,233.4,1.55,0.002,3.495,0.0,255.8,0.0,soft_kick,0
0.978,0.002,0.982,0.974,0.28,0.1,2.4,0.3,0.002,0.002,0.003,0.0,0.7,0.0,standing,0
1.173,0.66,5.047,0.392,99.51,6.91,582.8,92.6,0.471,0.002,0.758,0.0,101.0,0.0,stomp,0
8.388,6.668,22.627,0.979,609.79,112.16,2000.0,585.4,5.514,0.002,7.61,0.0,762.8,0.0,repeated_kick,1
0.999,0.002,1.003,0.992,0.32,0.12,1.8,0.4,0.002,0.002,0.005,0.0,0.7,0.0,standing,0
1.83,0.574,2.792,0.884,39.29,21.91,191.7,59.0,0.522,0.002,1.617,0.0,134.9,0.0,shake_leg,0
12.51,3.983,16.551,1.145,282.39,96.83,1407.3,434.8,5.421,0.002,8.13,0.0,985.3,0.0,running,0
13.294,3.746,17.881,4.339,316.19,105.79,1474.3,453.5,5.514,0.002,8.581,0.0,1040.2,0.0,running,0
0.983,0.002,0.988,0.977,0.45,0.14,2.1,0.5,0.002,0.002,0.005,0.0,0.6,0.0,standing,0
13.867,3.967,19.2,3.339,366.68,106.55,1560.1,474.0,5.603,0.002,8.926,0.0,1108.8,0.0,running,0
3.082,0.558,3.786,1.676,48.56,12.52,451.5,138.8,1.084,0.002,2.122,0.0,325.3,0.0,walking,0
2.137,0.762,3.367,0.856,60.1,33.09,219.7,67.1,0.65,0.002,2.014,0.0,155.2,0.0,shake_leg,0
2.629,3.205,16.144,0.997,330.41,30.75,1431.8,249.9,1.527,0.002,3.53,0.0,272.2,0.0,soft_kick,0
1.335,1.573,8.831,0.038,210.47,20.49,360.6,73.1,0.662,0.002,1.719,0.0,85.2,0.0,jumping,0
2.1,0.715,3.248,0.874,55.39,30.94,213.6,66.5,0.631,0.002,1.957,0.0,150.4,0.0,shake_leg,0
1.016,0.002,1.02,1.01,0.43,0.11,2.2,0.6,0.002,0.002,0.006,0.0,1.1,0.0,sitting,0
1.003,0.002,1.008,0.998,0.39,0.13,2.1,0.4,0.002,0.002,0.007,0.0,1.3,0.0,sitting,0
13.346,3.828,17.725,4.359,314.52,102.91,1465.1,452.1,5.632,0.002,8.479,0.0,1033.4,0.0,running,0
8.405,6.686,22.627,1.004,599.48,115.09,2000.0,582.6,5.521,0.002,7.649,0.0,771.5,0.0,repeated_kick,1
2.961,0.587,3.732,1.616,39.74,12.69,447.7,138.2,0.963,0.002,2.137,0.0,322.4,0.0,walking,0
1.0,0.002,1.005,0.995,0.42,0.12,2.6,0.5,0.002,0.002,0.004,0.0,1.6,0.0,standing,0
3.086,0.648,3.856,0.901,32.73,12.71,458.6,140.3,1.064,0.002,2.174,0.0,320.6,0.0,walking,0
1.043,0.002,1.048,1.037,0.39,0.13,1.2,0.2,0.002,0.002,0.003,0.0,0.6,0.0,standing,0
1.019,0.002,1.027,1.014,0.41,0.13,2.4,0.5,0.002,0.002,0.004,0.0,1.5,0.0,standing,0
10.586,6.216,22.627,0.997,603.52,144.91,2000.0,573.4,5.735,0.002,8.594,0.0,857.1,0.0,repeated_kick,1
2.601,3.164,16.107,1.003,384.82,29.84,1599.9,278.1,1.545,0.002,3.461,0.0,302.6,0.0,soft_kick,0
3.428,5.147,22.627,0.971,549.16,34.46,2000.0,417.7,3.759,0.002,4.296,0.0,450.9,0.0,hard_kick,0
1.362,1.545,9.221,0.017,213.65,20.43,362.5,72.7,0.598,0.002,1.724,0.0,85.0,0.0,jumping,0
1.201,0.657,5.275,0.441,106.91,6.76,1033.1,133.4,0.467,0.002,0.753,0.0,141.5,0.0,stomp,0
1.187,0.66,5.122,0.371,100.75,6.92,659.0,98.6,0.471,0.002,0.754,0.0,107.0,0.0,stomp,0
1.765,0.546,2.671,0.9,35.48,19.42,186.3,56.8,0.495,0.002,1.549,0.0,132.5,0.0,shake_leg,0
2.538,3.184,16.047,0.645,507.5,29.68,1523.6,286.4,1.562,0.002,3.439,0.0,309.9,0.0,soft_kick,0
0.999,0.002,1.005,0.992,0.52,0.11,2.9,0.7,0.002,0.002,0.009,0.0,1.5,0.0,sitting,0
2.695,0.493,3.434,1.174,50.76,10.42,417.7,128.2,0.94,0.002,1.788,0.0,290.5,0.0,walking,0
12.498,3.779,16.436,3.961,279.26,102.51,1401.8,433.1,5.464,0.002,8.262,0.0,978.0,0.0,running,0
0.959,0.002,0.963,0.954,0.32,0.11,2.7,0.7,0.002,0.002,0.006,0.0,1.0,0.0,standing,0
1.392,1.56,9.589,0.01,242.3,20.36,362.1,72.7,0.574,0.002,1.756,0.0,85.2,0.0,jumping,0
2.656,3.262,16.207,0.99,438.93,33.56,1201.1,227.0,1.517,0.002,3.602,0.0,247.9,0.0,soft_kick,0
1.386,1.654,9.783,0.021,256.23,20.37,360.1,72.3,0.656,0.002,1.81,0.0,84.7,0.0,jumping,0
1.565,0.419,2.311,0.923,24.5,13.35,167.5,51.0,0.411,0.002,1.294,0.0,117.8,0.0,shake_leg,0
1.744,0.499,2.575,0.976,31.36,17.95,181.8,58.1,0.484,0.002,1.504,0.0,129.6,0.0,shake_leg,0
1.368,1.69,9.921,0.04,269.73,20.52,355.6,72.9,0.673,0.002,1.844,0.0,85.1,0.0,jumping,0
1.402,1.566,9.475,0.032,233.98,20.27,362.2,72.2,0.596,0.002,1.751,0.0,84.7,0.0,jumping,0
0.964,0.002,0.969,0.959,0.31,0.11,3.9,0.8,0.002,0.002,0.009,0.0,1.5,0.0,sitting,0
3.153,0.652,3.879,0.757,63.34,13.96,461.2,142.5,1.128,0.002,2.287,0.0,317.5,0.0,walking,0
2.631,3.218,16.152,0.987,350.0,31.06,1378.6,243.8,1.523,0.002,3.546,0.0,265.0,0.0,soft_kick,0
3.481,5.264,22.627,0.972,612.91,41.65,2000.0,386.2,3.664,0.002,4.571,0.0,414.4,0.0,hard_kick,0
1.783,0.511,2.652,0.921,34.76,19.59,185.8,57.3,0.494,0.002,1.545,0.0,129.3,0.0,shake_leg,0
3.478,5.171,22.627,1.008,574.08,37.67,2000.0,386.9,3.753,0.002,4.337,0.0,418.8,0.0,hard_kick,0
1.015,0.002,1.022,1.01,0.44,0.12,2.6,0.7,0.002,0.002,0.003,0.0,1.2,0.0,standing,0
8.397,6.664,22.627,0.988,576.17,112.14,2000.0,572.0,5.526,0.002,7.577,0.0,755.2,0.0,repeated_kick,1
1.379,1.545,8.725,0.031,236.78,19.35,354.7,72.9,0.6,0.002,1.725,0.0,84.4,0.0,jumping,0
1.368,1.677,9.865,0.013,262.09,20.6,359.4,72.4,0.67,0.002,1.826,0.0,84.7,0.0,jumping,0
3.433,5.174,22.627,0.97,474.71,35.78,2000.0,424.1,3.749,0.002,4.355,0.0,458.9,0.0,hard_kick,0
1.386,1.499,8.932,0.037,223.63,20.03,363.1,73.2,0.569,0.002,1.697,0.0,85.4,0.0,jumping,0
0.969,0.002,0.974,0.964,0.39,0.13,1.4,0.2,0.002,0.002,0.003,0.0,0.7,0.0,standing,0
12.779,3.834,16.591,4.081,283.67,96.12,1408.6,428.1,5.386,0.002,8.144,0.0,1003.6,0.0,running,0
1.461,0.367,2.146,0.895,20.59,11.3,157.6,47.9,0.369,0.002,1.164,0.0,110.5,0.0,shake_leg,0
1.364,1.636,9.368,0.038,256.97,19.99,349.9,72.8,0.668,0.002,1.787,0.0,84.6,0.0,jumping,0
8.427,6.691,22.627,0.999,612.04,115.58,2000.0,579.2,5.493,0.002,7.696,0.0,755.7,0.0,repeated_kick,1
0.983,0.002,0.989,0.979,0.4,0.12,2.9,0.7,0.002,0.002,0.008,0.0,1.5,0.0,sitting,0
8.419,6.65,22.627,0.997,614.06,114.62,2000.0,560.9,5.49,0.002,7.596,0.0,736.1,0.0,repeated_kick,1
8.385,6.636,22.627,1.004,580.78,110.76,2000.0,579.4,5.52,0.002,7.542,0.0,762.4,0.0,repeated_kick,1
1.177,0.681,5.453,0.382,120.99,6.97,1237.1,150.4,0.465,0.002,0.775,0.0,158.2,0.0,stomp,0
1.001,0.002,1.009,0.995,0.4,0.11,4.4,1.1,0.002,0.002,0.008,0.0,1.4,0.0,sitting,0
2.576,3.169,16.102,0.975,389.04,29.91,1603.5,278.7,1.546,0.002,3.461,0.0,303.5,0.0,soft_kick,0
3.478,5.161,22.627,1.011,571.49,37.23,2000.0,390.6,3.749,0.002,4.327,0.0,422.5,0.0,hard_kick,0
3.488,5.234,22.627,1.0,583.11,40.82,2000.0,399.6,3.686,0.002,4.513,0.0,431.5,0.0,hard_kick,0
1.023,0.002,1.028,1.018,0.4,0.12,1.6,0.4,0.002,0.002,0.005,0.0,0.9,0.0,sitting,0
0.986,0.002,0.991,0.982,0.35,0.11,2.6,0.8,0.002,0.002,0.003,0.0,1.3,0.0,standing,0
1.195,0.682,4.931,0.413,104.64,7.2,590.7,88.7,0.473,0.002,0.799,0.0,96.7,0.0,stomp,0
1.853,0.593,2.829,0.867,40.84,22.93,194.4,59.3,0.531,0.002,1.655,0.0,137.3,0.0,shake_leg,0
1.858,0.6,2.841,0.862,41.73,24.54,195.9,60.1,0.537,0.002,1.682,0.0,137.9,0.0,shake_leg,0
13.695,3.908,18.928,4.697,327.99,107.34,1530.0,485.2,5.754,0.002,8.792,0.0,1094.1,0.0,running,0
2.428,0.48,3.171,1.093,34.98,8.7,394.2,123.2,0.824,0.002,1.589,0.0,271.7,0.0,walking,0
1.004,0.002,1.009,0.998,0.37,0.11,2.3,0.6,0.002,0.002,0.009,0.0,1.4,0.0,sitting,0
1.014,0.002,1.019,1.009,0.39,0.12,1.8,0.1,0.002,0.002,0.004,0.0,0.7,0.0,sitting,0
0.996,0.002,1.001,0.991,0.32,0.09,1.2,0.3,0.002,0.002,0.004,0.0,0.8,0.0,standing,0
3.161,0.65,3.885,0.769,64.02,13.91,460.7,142.5,1.132,0.002,2.29,0.0,317.9,0.0,walking,0
0.997,0.002,1.003,0.99,0.43,0.11,2.1,0.3,0.002,0.002,0.004,0.0,1.0,0.0,standing,0
1.22,0.695,5.513,0.405,132.81,7.42,1205.9,137.0,0.469,0.002,0.81,0.0,144.4,0.0,stomp,0
1.368,1.54,9.44,0.013,231.72,20.4,362.7,72.9,0.572,0.002,1.734,0.0,85.3,0.0,jumping,0
2.089,0.747,3.289,0.834,57.46,32.02,216.2,65.6,0.634,0.002,1.971,0.0,153.2,0.0,shake_leg,0
8.332,6.602,22.627,0.981,559.48,102.79,2000.0,594.5,5.566,0.002,7.416,0.0,780.7,0.0,repeated_kick,1
2.612,3.187,16.127,0.992,349.14,30.39,1513.7,261.7,1.534,0.002,3.5,0.0,285.4,0.0,soft_kick,0
3.037,0.619,3.838,1.339,57.62,13.77,453.7,138.0,1.007,0.002,2.226,0.0,321.6,0.0,walking,0
3.441,5.18,22.627,0.975,458.69,36.93,2000.0,421.6,3.737,0.002,4.378,0.0,456.3,0.0,hard_kick,0
2.236,0.824,3.492,0.824,66.26,37.04,227.1,70.3,0.683,0.002,2.125,0.0,158.8,0.0,shake_leg,0
3.353,0.696,4.197,1.49,44.51,15.36,480.2,147.8,1.123,0.002,2.419,0.0,341.8,0.0,walking,0
1.0,0.002,1.006,0.994,0.35,0.11,2.2,0.6,0.002,0.002,0.006,0.0,1.0,0.0,standing,0
13.426,4.04,17.973,1.419,322.34,102.41,1478.3,455.8,5.791,0.002,8.707,0.0,1050.7,0.0,running,0
8.439,6.7,22.627,0.998,614.29,116.51,2000.0,574.3,5.487,0.002,7.711,0.0,749.4,0.0,repeated_kick,1
11.338,3.588,16.041,3.34,268.7,96.89,1285.0,392.8,5.288,0.002,7.246,0.0,911.3,0.0,running,0
1.376,1.52,9.063,0.017,203.06,20.17,363.2,73.0,0.583,0.002,1.708,0.0,85.4,0.0,jumping,0
12.66,3.926,16.412,1.122,288.42,96.84,1392.9,423.8,5.464,0.002,8.076,0.0,976.4,0.0,running,0
2.594,3.204,15.556,1.002,544.16,29.84,1200.9,228.6,1.548,0.002,3.491,0.0,250.7,0.0,soft_kick,0
2.55,3.211,16.032,0.97,548.09,30.12,1258.3,263.4,1.559,0.002,3.476,0.0,286.2,0.0,soft_kick,0
3.506,5.255,22.627,1.002,612.73,41.53,2000.0,384.2,3.653,0.002,4.575,0.0,412.0,0.0,hard_kick,0
1.255,0.242,1.707,0.937,15.03,5.21,130.0,39.8,0.26,0.002,0.85,0.0,91.9,0.0,shake_leg,0
1.177,0.662,5.06,0.376,99.68,6.96,567.2,91.6,0.471,0.002,0.758,0.0,99.8,0.0,stomp,0
2.519,0.494,3.243,1.085,49.22,9.71,404.0,125.5,0.9,0.002,1.707,0.0,282.6,0.0,walking,0
1.0,0.002,1.004,0.992,0.36,0.11,2.1,0.3,0.002,0.002,0.003,0.0,0.7,0.0,standing,0
1.692,0.514,2.553,0.888,32.42,17.8,180.2,54.8,0.462,0.002,1.465,0.0,127.1,0.0,shake_leg,0
8.426,6.692,22.627,0.996,595.12,115.14,2000.0,577.8,5.509,0.002,7.678,0.0,760.4,0.0,repeated_kick,1
3.459,5.148,22.627,0.999,566.96,36.29,2000.0,399.9,3.747,0.002,4.311,0.0,432.0,0.0,hard_kick,0
3.32,0.688,4.179,1.425,41.0,15.1,477.6,148.9,1.111,0.002,2.386,0.0,338.9,0.0,walking,0
10.673,6.204,22.627,1.021,609.99,149.87,2000.0,584.6,5.717,0.002,8.773,0.0,861.3,0.0,repeated_kick,1
0.964,0.002,0.97,0.959,0.33,0.11,2.5,0.6,0.002,0.002,0.009,0.0,1.5,0.0,sitting,0
0.991,0.002,0.996,0.986,0.4,0.12,1.6,0.4,0.002,0.002,0.006,0.0,1.0,0.0,standing,0
3.523,5.244,22.627,1.021,612.16,41.5,2000.0,382.4,3.644,0.002,4.574,0.0,409.5,0.0,hard_kick,0
1.651,0.468,2.472,0.902,29.53,16.45,176.3,53.6,0.452,0.002,1.418,0.0,126.2,0.0,shake_leg,0
1.383,1.599,9.095,0.025,248.68,19.64,350.2,72.8,0.643,0.002,1.759,0.0,84.6,0.0,jumping,0
